protein,r,A,C,D,E,F,G,H,I,K,L,M,N,P,Q,R,S,T,V,W,Y
A0A0H2ZD27,153,-4.6096,-6.7846,-0.3551,-1.6518,-8.6788,-3.5628,-6.1782,-8.2636,-9.6973,-8.1307,-7.5549,-3.6022,-8.3916,-5.5637,-9.6633,-3.5828,-5.6578,-6.8028,-9.3713,-7.6723
A0ACD6B960,66,-3.0682,-4.3631,-10.3960,-9.5174,-4.6523,-6.7005,-8.4690,-1.4968,-10.4277,-1.4218,-3.1755,-7.8706,-7.6128,-7.4786,-9.8896,-5.5566,-3.4464,-0.9569,-7.2927,-7.1769
A0L5S6,208,-10.4179,-9.2541,-15.7408,-15.0869,-0.0429,-12.3772,-10.5289,-5.4837,-13.6102,-4.4612,-6.6642,-11.9846,-11.3666,-11.4470,-12.9354,-10.7407,-10.0356,-6.4868,-7.6649,-3.7807
B0Y813,27,-2.9668,-4.1459,-3.3609,-3.7168,-3.4865,-2.9152,-3.5699,-3.8430,-4.8445,-3.2619,-4.5955,-0.8864,-3.1579,-3.9839,-3.4011,-2.6978,-3.2640,-3.8204,-3.7769,-3.6492
B0Y813,82,-5.8043,-8.3478,-3.2396,-0.1123,-8.4385,-4.8159,-5.9666,-7.6548,-6.1405,-6.9678,-7.1626,-5.4764,-7.6488,-3.2952,-7.3220,-5.8130,-6.3541,-6.9121,-9.6267,-7.9070
B0Y813,83,-2.8756,-3.8329,-4.4894,-5.5333,-5.6395,-2.5904,-5.9250,-4.7580,-7.2417,-4.3209,-5.0040,-4.8305,-4.1614,-5.6969,-6.8376,-0.4815,-2.0106,-4.5858,-5.6711,-5.8534
B7JBP8,128,-4.7338,-5.8694,-5.3712,-6.6769,-1.8850,-5.2790,-3.0718,-4.9829,-5.2522,-3.4250,-2.4177,-3.1822,-6.1906,-4.6003,-5.4229,-4.9951,-4.8673,-4.9758,-1.4343,-1.1154
C3W5S0,38,-2.6265,-4.0092,-3.2399,-3.1127,-2.4935,-3.4004,-3.9562,-2.2258,-3.1456,-1.8016,-3.2539,-3.4644,-4.0562,-3.7580,-3.1996,-3.1779,-3.2287,-2.6163,-3.9991,-2.9823
C6H0Y9,38,-2.5699,-4.0971,-3.0382,-2.9610,-2.6027,-3.2767,-3.8987,-2.3184,-3.1171,-1.7991,-3.2494,-3.4910,-3.9218,-3.7348,-3.2070,-3.1874,-3.2637,-2.7291,-4.0147,-2.9840
C7C422,199,-1.8666,-7.4858,-3.1307,-2.3871,-5.7420,-4.4969,-6.1009,-5.0192,-5.7625,-4.1079,-5.8342,-5.6773,-0.5610,-4.4647,-5.3782,-3.7588,-3.8849,-3.6646,-6.9325,-5.8601
D0VWZ1,145,-7.1575,-0.0256,-8.7571,-11.8047,-8.0239,-3.9669,-10.1645,-11.4293,-14.0827,-9.2793,-11.9832,-9.4049,-9.2031,-13.1247,-9.2298,-5.5632,-8.7795,-9.8716,-7.9434,-8.3487
G1UBD5,32,-2.8205,-7.3213,-3.7407,-4.0149,-2.9575,-2.6272,-0.9123,-3.8181,-3.7580,-3.1728,-4.2456,-3.3943,-3.2379,-3.7665,-3.5924,-3.1865,-3.4037,-3.3178,-5.0842,-3.5007
G1UBD5,61,-3.2956,-8.1667,-6.8439,-5.2892,-3.1845,-5.4912,-5.2450,-2.6104,-1.5835,-1.3556,-1.7492,-5.3834,-7.4385,-4.3248,-3.6462,-5.0584,-4.1931,-2.3682,-4.2865,-3.8190
K5BDL0,419,-7.4315,-9.3091,-4.4322,-0.0169,-9.8070,-7.4207,-8.5167,-9.3901,-9.9367,-8.1876,-9.1242,-8.7395,-10.4181,-6.4746,-10.3916,-8.3459,-7.8151,-8.4653,-9.7491,-9.0428
K7PQ54,78,-7.3693,-0.0035,-9.7903,-10.4990,-8.6930,-7.3563,-9.8786,-10.4840,-11.0660,-9.2702,-10.2519,-8.9143,-10.3859,-10.1869,-9.6846,-7.1366,-8.6232,-9.2462,-9.0093,-8.1902
K7PQ54,79,-4.0376,-6.3869,-9.3411,-8.3949,-5.8322,-7.6785,-8.2015,-2.1602,-8.5867,-0.8475,-4.5470,-7.2266,-4.9707,-7.0843,-7.9273,-6.5171,-4.6447,-0.9138,-7.6946,-7.2712
K7PQ54,80,-5.8836,-7.8541,-5.3044,-6.1804,-6.1457,-6.3745,-2.6980,-8.4352,-5.2276,-6.3126,-7.2981,-0.1284,-6.8186,-5.3366,-5.6840,-5.2942,-5.4364,-7.8381,-6.9926,-4.5097
K7PQ54,425,-0.8856,-6.7519,-8.1348,-8.0951,-8.3340,-0.6321,-8.6186,-8.7183,-9.4467,-8.9795,-8.2233,-7.2770,-4.1414,-8.2125,-9.2592,-3.4399,-6.1100,-6.3678,-9.3772,-8.6196
N0DKS8,154,-3.4327,-5.3336,-9.9282,-7.2030,-0.6634,-3.9642,-7.1211,-2.2205,-10.1563,-2.3023,-4.5865,-6.3583,-6.9688,-7.1094,-10.1471,-4.2337,-4.0191,-2.1919,-4.7839,-2.9505
O00255,322,-2.6573,-3.9802,-4.1194,-3.6026,-2.1631,-3.6845,-3.1292,-2.8370,-3.9428,-1.8757,-3.1074,-3.8534,-6.7569,-3.3183,-3.2787,-3.1807,-3.5319,-2.8290,-3.6770,-1.8551
O00255,326,-3.2554,-4.8985,-2.2722,-1.9540,-4.0437,-3.5665,-3.4197,-3.7134,-2.4814,-2.8445,-3.6560,-2.8836,-7.4517,-2.3229,-1.9283,-3.0418,-3.5816,-3.6605,-4.7114,-3.5593
O00255,344,-0.7493,-2.8385,-8.2189,-7.1609,-3.1104,-2.5754,-6.2197,-3.5782,-7.9160,-2.3041,-3.6033,-6.7566,-6.3600,-6.8092,-7.0761,-3.5620,-3.1758,-2.4472,-5.8293,-3.6804
O26232,96,-5.0853,-5.2945,-5.4274,-7.3135,-6.9820,-7.6446,-6.6587,-1.1545,-8.4311,-3.3484,-4.5304,-2.1673,-10.4468,-5.9624,-10.1244,-3.5479,-0.9193,-2.6133,-8.1379,-6.5850
O26232,100,-3.4799,-5.2832,-7.2687,-6.2393,-1.1333,-5.0847,-4.7853,-2.2159,-7.2705,-1.8909,-2.8448,-5.6498,-5.6545,-5.2723,-6.4880,-4.1747,-3.9387,-2.2202,-4.5247,-1.9792
O26232,160,-3.9755,-6.4334,-2.3478,-3.4695,-4.9965,-4.9774,-3.5154,-3.7708,-2.0949,-3.8401,-3.9823,-2.2016,-5.1802,-3.6881,-1.3681,-2.1570,-2.8178,-3.3413,-6.6330,-4.1798
O26232,218,-6.2050,-7.3959,-12.6734,-10.3842,-2.1624,-11.0137,-9.3097,-0.4060,-9.2474,-2.3786,-3.1202,-10.4129,-10.9356,-10.1155,-8.9584,-9.2729,-6.9766,-2.9298,-6.9627,-3.7585
O52792,128,-6.5095,-7.9978,-6.8728,-8.0888,-5.2893,-7.3740,-5.8397,-6.9227,-10.0491,-6.2604,-7.8340,-6.2043,-7.8671,-7.3371,-8.6927,-6.9618,-7.1154,-6.5309,-5.8285,-0.0248
O57883,104,-11.0710,-12.1812,-0.0012,-7.8187,-12.2137,-9.0647,-10.2869,-13.4971,-11.5380,-12.9569,-13.3135,-7.6329,-15.6744,-11.5842,-12.7222,-10.6139,-13.0233,-12.0307,-13.2520,-9.7889
O57883,111,-12.7847,-13.1927,-11.4909,-9.7261,-12.7883,-11.5362,-12.1886,-10.4660,-0.0010,-12.1908,-11.6698,-8.5466,-12.7575,-12.1910,-7.4727,-10.3096,-10.4697,-12.1487,-14.3975,-12.3301
O58456,8,-4.0053,-5.9479,-11.3876,-9.8362,-6.0032,-7.3702,-10.0251,-3.0342,-11.1870,-0.1697,-4.8298,-9.7411,-5.4050,-9.4640,-10.9271,-7.0880,-5.4016,-2.7204,-11.5476,-9.6246
O58456,11,-2.5861,-3.6803,-3.6034,-3.3198,-2.9140,-1.2942,-2.9551,-5.7417,-3.7846,-3.7781,-4.6796,-4.5851,-6.7544,-4.7675,-2.9766,-2.7163,-3.8927,-4.6856,-3.1294,-1.6754
O58456,18,-5.1204,-7.3936,-9.6544,-6.7648,-3.6820,-8.1619,-7.1908,-2.1450,-6.8693,-0.5900,-3.9119,-8.0766,-6.1419,-6.4691,-5.8369,-7.0570,-5.6978,-1.3791,-5.9006,-4.8459
O58456,19,-7.7348,-10.1225,-9.2732,-6.5285,-8.8182,-8.0754,-7.0339,-8.9855,-0.6528,-6.4017,-7.8749,-7.6287,-10.7603,-7.1907,-0.7540,-7.8904,-7.9326,-8.7135,-7.8941,-7.0284
O58456,21,-4.7908,-7.8884,-10.5015,-6.9065,-4.1888,-8.7669,-7.8430,-3.2219,-6.8513,-0.1548,-4.3055,-9.4738,-10.2795,-8.4005,-6.5968,-7.6118,-7.4179,-3.5644,-6.0920,-3.5008
O58456,22,-4.7412,-8.8973,-2.3237,-0.3188,-7.9623,-5.1708,-5.4600,-7.1943,-3.8066,-5.8327,-6.0621,-2.8604,-10.5176,-4.3274,-3.5840,-3.8878,-5.3422,-7.2455,-7.5876,-5.8204
O58456,23,-1.9151,-5.7850,-8.7714,-4.3423,-5.6301,-8.7177,-6.0556,-1.2198,-5.3325,-2.4296,-4.6799,-7.6823,-11.1349,-7.5815,-6.1153,-6.3156,-3.4275,-0.9771,-6.6865,-4.0324
O58456,25,-4.4011,-6.6285,-7.1358,-2.8902,-7.2893,-4.5899,-6.2625,-6.6052,-0.9281,-3.3393,-4.3143,-4.2487,-9.1398,-2.8007,-1.1387,-2.7351,-4.9412,-6.1669,-7.2116,-6.4773
O58456,26,-3.8913,-6.8582,-5.2140,-3.5259,-7.8257,-4.5445,-4.8741,-6.7612,-0.8649,-5.1986,-5.6376,-2.4380,-10.6317,-4.6406,-1.3329,-2.2837,-3.5728,-6.4766,-7.9976,-6.8470
O58456,29,-2.2225,-5.0366,-6.3310,-3.1113,-3.8139,-5.2170,-4.2097,-2.3219,-2.0839,-2.6933,-4.1764,-5.2033,-8.5646,-5.0373,-2.9639,-5.0242,-3.3082,-1.0802,-6.6932,-3.1413
O58456,44,-3.0039,-6.0810,-7.1459,-3.4089,-4.1051,-6.3698,-6.4768,-1.7077,-4.5540,-0.9587,-4.1039,-8.2384,-2.6846,-5.4674,-5.0176,-5.0994,-4.2353,-1.6727,-5.6682,-4.4486
O58456,49,-3.8203,-8.3293,-2.8923,-1.2451,-8.2293,-3.8511,-5.3833,-7.8826,-1.3120,-6.6310,-6.4507,-2.6166,-6.8488,-3.6686,-2.0250,-2.4073,-4.4617,-7.0701,-8.1222,-6.5415
O58456,50,-2.2046,-5.0845,-7.0131,-4.7449,-1.7443,-6.8475,-4.6161,-1.7239,-3.8969,-1.4702,-3.7383,-6.0975,-10.4053,-5.9612,-4.4401,-4.0700,-3.6567,-2.0145,-5.3483,-3.2656
O58456,54,-6.3667,-8.9094,-1.1743,-0.8081,-9.0663,-5.3994,-6.2154,-8.4403,-2.6723,-8.6132,-9.1336,-3.0088,-2.7276,-5.0340,-3.8123,-4.2927,-4.7282,-7.2720,-9.8042,-7.4481
O58456,58,-2.2815,-4.8045,-7.7818,-5.1421,-2.5019,-5.8364,-6.6593,-1.6233,-5.4409,-1.2154,-3.6977,-7.8786,-7.6821,-7.1692,-5.7544,-4.2317,-3.9195,-1.5854,-6.4157,-3.5514
O58456,65,-2.6052,-6.1234,-2.9390,-1.2028,-4.9547,-3.3266,-4.5935,-4.4797,-2.2599,-3.4168,-4.1725,-2.7004,-7.0771,-4.0010,-2.4532,-2.2529,-3.1858,-3.7430,-6.8253,-4.5962
O58456,69,-4.8814,-8.2263,-1.2753,-0.8748,-7.4013,-3.2496,-4.7702,-8.0282,-2.5834,-6.3194,-7.1013,-2.9218,-5.5698,-4.2009,-3.4316,-2.9266,-4.9587,-7.3127,-7.9444,-5.8337
O58456,72,-3.8645,-6.7368,-3.3316,-1.5800,-4.5852,-4.5894,-6.1641,-1.6433,-3.4762,-1.2892,-3.2826,-4.1304,-5.1687,-5.3859,-4.6737,-3.9383,-4.3861,-2.3230,-7.1036,-4.6087
O58456,74,-3.0168,-5.4276,-4.6005,-2.1791,-3.6692,-5.2201,-3.4398,-2.3816,-1.9742,-1.3310,-3.6812,-4.4590,-4.6646,-4.6503,-2.7508,-5.0023,-4.9958,-2.8579,-5.1926,-2.6745
O58456,79,-4.6068,-4.2649,-1.8179,-2.7747,-5.8061,-5.5477,-4.6395,-4.4934,-1.4288,-5.5856,-6.1466,-1.9565,-5.8846,-4.9278,-1.6996,-2.6990,-3.1893,-3.6071,-7.2733,-4.8855
O58456,83,-5.4846,-6.0551,-13.4158,-11.8914,-5.2263,-9.4615,-11.0775,-2.5609,-12.9465,-0.1740,-4.5842,-11.4013,-10.0104,-11.0904,-12.3571,-8.3414,-7.8340,-2.8335,-9.7908,-7.2590
O58456,89,-4.9169,-5.8177,-8.1666,-7.8926,-0.4608,-5.6337,-6.2118,-5.0832,-9.3302,-2.4427,-2.3764,-5.9614,-9.1643,-6.9818,-7.1585,-4.2261,-3.7398,-5.5998,-4.4345,-2.2229
O58456,101,-0.3118,-2.2344,-10.6122,-8.8296,-5.3589,-4.9391,-9.0911,-4.5463,-8.7299,-2.5369,-4.5234,-9.1660,-8.3479,-9.4499,-8.4733,-4.1329,-5.2101,-3.7123,-8.9806,-6.6987
O58456,125,-5.4168,-6.8412,-12.7261,-10.8490,-4.9944,-9.2812,-9.7037,-3.9304,-11.0626,-0.0753,-3.7754,-10.1930,-8.3745,-9.0258,-10.2949,-7.4985,-5.9160,-4.3199,-8.5151,-7.9696
O58456,126,-4.7499,-7.3637,-3.4319,-3.5228,-6.6589,-4.7172,-2.5277,-7.8918,-4.5736,-5.4730,-5.5508,-1.8159,-2.2674,-0.7771,-4.3431,-2.7366,-4.8074,-7.5574,-6.1871,-5.2103
O58456,127,-4.7111,-7.2322,-8.6997,-7.9932,-3.5825,-7.3564,-4.9305,-2.1839,-9.3740,-0.3183,-3.7334,-5.8938,-3.3725,-6.0223,-8.9560,-5.4854,-4.6458,-3.4974,-7.0312,-5.1880
O58456,129,-3.7124,-6.5295,-7.2648,-6.2063,-7.4164,-5.4471,-4.8091,-5.2627,-0.6124,-4.7969,-3.9994,-3.4676,-5.8664,-4.5718,-1.2584,-3.9043,-3.8457,-4.3624,-7.8828,-6.5471
O58456,132,-5.0284,-6.9432,-5.8151,-5.1153,-6.1059,-6.7923,-5.1046,-5.0755,-0.6415,-3.9037,-4.7758,-4.6644,-2.3607,-4.4105,-1.3040,-5.3376,-4.9223,-4.7084,-7.0397,-5.6872
O58456,137,-3.0173,-4.9884,-9.1131,-8.4181,-5.4685,-7.1051,-7.0380,-2.8598,-8.5657,-3.4813,-5.1374,-7.7201,-0.3393,-7.4792,-7.5250,-5.2643,-4.2861,-2.2157,-7.8255,-6.3831
O58456,140,-2.9637,-5.3530,-2.6555,-2.4929,-3.1046,-3.8992,-3.4676,-2.6340,-3.0704,-2.3927,-3.3266,-4.1044,-4.0699,-4.0521,-3.2413,-2.8144,-1.8292,-2.5033,-4.9820,-3.0021
O58456,142,-3.8122,-6.1831,-2.2728,-1.8040,-3.9811,-2.2452,-3.9537,-4.4051,-1.9857,-3.5558,-4.4686,-2.8814,-5.0204,-4.0702,-2.2300,-2.6161,-3.0404,-3.9220,-4.5751,-3.3069
O58456,146,-3.4152,-6.1792,-2.7826,-2.0200,-4.1499,-4.4688,-4.2854,-3.5582,-1.8319,-2.7993,-4.1088,-3.7657,-2.4848,-3.4458,-2.1181,-2.5811,-2.9720,-3.2924,-4.3583,-3.5693
O58456,147,-3.1704,-4.4902,-4.9388,-4.9471,-5.1113,-3.3622,-5.0592,-5.5153,-5.3702,-4.6335,-5.4133,-4.1254,-4.4756,-5.7937,-4.9575,-0.3404,-2.4486,-4.9743,-4.6626,-4.5287
O58456,160,-5.2329,-6.0795,-10.3057,-8.0867,-1.7910,-7.3502,-6.0352,-4.1855,-7.8731,-0.3513,-2.7539,-7.2538,-9.9741,-4.8735,-6.4380,-6.2502,-6.3507,-4.9020,-5.4796,-4.2755
O58456,163,-5.7747,-7.0998,-11.1748,-9.3078,-3.7286,-9.3225,-8.3592,-2.1391,-12.3526,-0.2724,-3.7121,-9.2635,-9.1697,-7.4481,-11.9712,-8.1512,-6.6206,-2.7559,-7.8228,-6.4949
O58456,164,-3.7379,-2.3058,-10.9366,-9.7687,-3.9278,-7.2280,-9.3663,-2.3327,-13.0612,-1.5061,-3.8068,-8.5916,-9.5262,-8.7728,-12.7186,-6.4688,-5.0101,-0.6830,-8.2779,-6.9967
O58456,171,-3.9214,-7.5593,-1.8593,-1.7805,-6.0486,-1.7993,-4.7762,-5.6352,-2.0188,-4.8666,-5.6579,-2.9879,-2.9359,-4.4809,-2.6871,-2.3287,-3.3115,-4.6025,-6.8069,-5.6154
O58456,185,-5.0822,-5.8823,-11.2852,-9.0908,-4.3198,-9.0195,-8.8585,-2.5644,-9.5691,-0.2054,-2.8111,-9.5899,-11.1538,-8.2281,-9.6581,-7.6141,-6.4230,-3.8582,-8.2189,-6.2728
O58456,187,-3.9987,-7.5321,-4.1108,-1.9789,-6.0020,-4.3551,-4.5345,-5.4611,-0.8502,-4.7364,-4.5668,-3.6323,-9.5414,-3.6260,-1.5303,-3.0798,-4.2962,-5.6502,-5.6154,-4.3155
O58456,197,-5.7187,-6.6774,-9.6720,-9.0397,-1.6468,-8.8555,-7.6036,-1.1592,-6.6760,-1.5930,-4.4406,-8.4937,-7.7917,-9.6645,-7.1176,-7.5712,-6.4669,-2.0073,-5.7266,-2.0350
O58456,202,-4.2120,-6.1915,-8.4900,-5.9054,-4.1655,-7.3172,-5.9061,-2.7098,-2.6305,-0.7201,-3.7845,-6.9703,-1.7140,-5.6284,-3.4616,-6.3280,-4.7621,-2.8385,-6.2208,-3.6340
O58456,212,-3.2848,-6.9796,-2.1491,-1.1305,-5.3332,-3.8342,-5.5959,-4.6016,-2.4667,-3.8175,-5.1642,-3.7203,-1.9277,-4.2038,-2.9925,-2.5347,-3.5858,-3.9380,-6.4408,-5.0347
O58456,220,-5.8661,-5.8816,-8.5490,-6.8271,-3.2817,-6.9856,-5.2243,-4.5527,-1.1909,-2.3762,-4.8205,-4.9397,-5.1453,-6.6271,-0.9958,-4.3754,-2.6421,-4.5032,-5.9971,-2.9435
O58456,242,-5.4536,-6.5051,-11.6043,-9.8314,-5.6354,-8.9848,-8.1735,-4.3728,-9.6776,-0.0680,-4.0871,-8.7014,-6.6395,-7.4402,-9.3064,-7.8738,-5.9260,-3.8820,-8.9956,-7.6397
O58456,243,-6.5892,-7.2005,-5.2932,-6.7406,-6.9380,-2.8105,-0.1384,-9.3720,-7.4048,-6.7283,-6.3796,-3.6362,-6.9930,-4.2654,-6.0845,-4.8673,-6.4153,-9.0221,-8.1106,-5.8727
O58456,251,-1.5027,-4.4513,-4.0069,-1.5130,-3.6747,-4.0620,-4.9125,-3.4443,-3.1553,-2.2708,-3.4966,-4.4044,-5.0599,-4.3674,-3.0254,-3.0588,-3.6773,-3.1249,-4.4684,-2.7816
O58456,253,-3.1063,-5.7479,-5.5175,-3.4109,-3.3296,-6.5382,-5.6831,-1.7261,-3.6813,-0.7907,-3.3599,-6.0519,-7.4849,-5.2686,-4.3085,-5.0323,-4.5644,-2.2470,-4.3498,-3.6554
O58456,259,-4.7951,-7.1871,-1.3616,-0.8223,-5.8877,-3.6304,-3.7962,-6.2477,-3.0029,-5.8707,-6.5187,-3.1650,-4.6519,-4.6561,-3.1207,-3.0078,-4.5133,-5.6342,-5.3383,-4.3008
O58456,260,-2.7744,-5.4629,-3.3696,-2.4333,-2.5522,-4.6138,-2.6710,-2.6755,-3.2221,-1.9387,-3.4576,-4.2548,-4.7274,-4.1051,-3.5905,-3.5798,-3.7103,-2.4264,-3.7399,-1.9769
O58456,261,-2.8952,-4.9135,-4.3076,-2.3444,-3.0197,-3.9077,-3.0619,-2.6106,-2.9727,-1.6328,-3.4748,-4.4514,-3.8485,-3.6520,-2.9432,-3.3751,-3.5443,-2.2212,-3.8066,-2.8846
O58456,262,-3.5079,-6.1697,-3.0157,-1.4478,-5.3444,-1.7179,-3.5264,-5.0074,-2.0251,-3.9820,-4.5092,-2.7822,-4.0583,-3.5213,-2.5473,-2.8232,-3.6173,-4.4812,-5.7237,-4.2676
O66496,1106,-8.1792,-8.2125,-7.8603,-8.3310,-8.4498,-7.7473,-6.7426,-9.2620,-5.7852,-7.9287,-8.7641,-7.4353,-8.3783,-6.8708,-0.0106,-7.1477,-7.7716,-8.9434,-8.3052,-7.7992
O66496,1185,-12.5987,-11.3168,-12.7407,-11.9631,-12.9645,-11.9206,-0.0003,-13.7749,-12.4688,-12.4469,-13.3519,-10.8516,-11.1076,-9.4203,-9.1705,-10.9892,-13.2436,-13.3102,-12.7885,-11.3476
O66934,352,-9.5831,-8.9385,-0.0022,-8.2639,-10.2878,-8.4463,-9.6387,-10.3023,-10.1274,-9.8477,-10.5815,-6.8424,-13.1512,-10.7715,-11.0181,-10.0800,-10.2988,-10.2920,-11.0659,-9.4898
O68601,90,-3.7936,-7.1827,-5.2154,-7.4748,-8.1242,-1.9609,-6.9848,-7.9697,-9.5016,-7.9426,-7.7161,-0.6445,-9.0004,-7.5116,-8.6210,-1.3075,-3.5099,-6.8283,-9.1091,-8.6814
O76242,55,-1.3811,-3.7037,-5.7582,-3.7960,-3.7146,-4.2562,-2.7543,-2.7900,-4.0152,-1.9334,-3.6823,-3.0754,-8.0174,-3.2622,-4.7625,-3.3318,-2.9566,-1.9388,-5.4602,-4.0305
O76242,86,-3.2622,-5.1840,-8.9433,-7.0578,-1.7971,-6.2867,-6.7702,-1.2516,-8.3436,-1.7499,-2.5094,-8.1114,-7.9793,-7.3753,-7.9042,-6.1986,-4.6607,-1.6246,-4.3064,-3.8488
O76242,100,-1.7336,-6.9556,-3.9215,-4.1758,-5.9781,-2.9618,-3.3786,-5.4501,-1.1860,-5.0314,-5.8938,-3.6277,-2.0607,-2.5706,-3.3841,-2.7561,-3.3767,-4.2438,-6.9286,-6.0056
O95989,89,-3.3002,-5.1586,-3.2599,-3.0369,-3.4704,-2.3051,-3.5358,-4.5060,-1.8689,-3.3362,-4.2322,-2.9813,-3.9470,-3.5229,-1.7792,-2.7423,-2.4054,-4.1309,-4.0611,-3.2362
P00138,39,-0.3445,-13.1044,-3.7293,-3.8577,-10.0430,-2.9481,-8.1352,-7.8408,-2.9135,-7.1963,-7.7376,-4.4222,-3.0878,-4.0203,-6.0397,-3.8327,-3.6661,-4.3850,-12.0112,-10.5498
P00138,52,-0.8743,-6.2461,-4.7809,-4.6632,-6.6583,-2.9028,-6.0479,-4.6653,-6.3849,-4.5565,-5.0363,-4.5333,-5.9555,-4.6428,-6.6887,-1.3443,-1.9822,-2.9551,-8.4476,-6.5145
P00138,124,-6.5256,-11.5338,-8.9503,-7.4287,-8.9209,-7.0226,-6.1171,-7.7150,-1.6335,-6.9637,-7.6953,-7.5077,-9.1452,-5.3429,-0.2374,-6.7095,-7.4840,-6.7563,-8.0578,-8.9307
P00183,297,-2.8088,-4.6787,-4.0775,-4.7825,-3.5786,-3.1856,-3.4211,-3.4555,-5.8749,-3.2098,-3.3884,-2.1046,-3.0814,-3.4638,-5.0967,-1.6568,-1.4756,-2.8494,-6.1741,-4.5967
P00214,14,-4.8123,-8.4506,-5.5478,-5.1435,-7.4815,-6.1273,-5.9486,-6.0872,-4.6893,-5.8890,-4.3889,-3.1225,-8.1774,-5.2187,-5.4653,-4.6698,-0.1242,-6.1061,-8.1533,-7.0505
P00214,15,-7.6465,-11.7612,-0.0040,-6.7879,-9.8841,-9.4729,-9.4826,-9.4637,-9.8683,-8.8863,-9.9450,-7.0876,-9.1133,-8.6212,-10.2321,-8.6049,-8.7562,-8.2971,-12.1579,-9.7673
P00214,19,-4.5997,-8.0763,-10.0060,-7.7935,-6.1811,-8.8365,-8.9786,-2.6830,-9.4641,-5.9948,-6.9194,-7.9914,-10.3906,-8.5317,-9.6900,-6.4612,-6.2724,-0.0939,-10.4339,-7.7633
P00214,20,-9.8221,-0.0005,-9.9860,-11.7889,-9.3402,-10.0090,-11.5036,-12.1043,-14.1764,-11.7805,-12.6639,-11.3853,-11.9938,-12.8673,-11.5489,-10.4846,-12.2699,-11.3240,-10.6056,-8.8623
P00214,23,-5.5248,-10.6609,-0.2883,-1.8596,-10.0009,-4.3467,-7.1505,-10.7176,-7.3864,-9.2253,-8.9925,-2.8035,-11.1468,-5.4149,-9.0884,-4.7076,-6.4667,-9.0354,-11.3564,-8.7639
P00214,24,-5.3070,-0.0436,-8.5806,-9.5716,-11.1880,-8.9714,-11.6301,-5.0639,-11.4910,-8.6923,-9.2788,-7.9628,-10.3005,-11.2330,-11.8502,-5.8867,-7.2918,-3.6187,-13.6714,-11.5781
P00214,25,-10.1151,-7.7621,-11.8777,-12.6835,-0.3057,-13.7603,-8.9478,-2.6260,-12.5487,-4.4479,-6.8930,-9.8277,-9.9072,-11.6102,-11.1815,-11.0764,-10.6702,-7.6559,-6.6729,-1.7386
P00214,35,-6.7087,-8.3628,-4.9125,-7.3333,-5.3087,-10.7199,-0.9450,-8.5618,-7.4366,-8.3333,-8.4323,-0.5573,-13.1666,-7.4487,-7.1747,-5.1510,-7.6983,-8.0071,-8.1170,-4.2217
P00214,38,-9.6729,-13.3740,-5.6038,-0.0043,-12.2489,-11.4975,-11.2206,-11.7603,-10.5135,-11.0871,-11.3096,-10.2285,-14.5849,-8.2779,-11.7080,-9.7204,-9.6816,-10.8849,-13.2314,-11.7623
P00214,46,-2.7681,-8.4758,-5.7359,-0.1801,-8.0038,-5.7993,-8.3115,-4.9827,-7.0578,-5.5154,-5.5789,-7.4837,-7.7633,-3.7979,-7.6210,-5.3903,-5.0234,-3.1226,-9.5319,-7.9893
P00214,47,-4.4871,-10.2767,-4.9048,-4.8371,-8.5587,-5.3312,-8.1012,-6.4060,-7.4363,-6.1040,-6.8849,-6.2825,-0.0556,-6.0454,-8.2562,-5.2684,-5.3989,-6.0953,-10.0579,-8.6398
P00282,7,-3.4686,-9.5646,-8.4307,-7.4936,-4.2844,-5.8626,-8.5853,-1.4305,-7.4773,-1.7175,-2.6969,-6.7512,-6.9809,-6.2137,-8.5005,-6.0295,-4.9849,-0.7998,-8.0688,-6.7239
P00322,57,-3.3250,-6.4949,-3.4009,-4.2171,-7.7342,-0.1283,-7.6062,-7.4713,-7.4381,-7.2541,-6.8011,-4.8399,-6.2363,-7.0513,-7.8745,-4.2427,-5.8498,-6.3931,-9.0375,-7.1243
P00322,58,-1.8563,-4.7651,-2.1219,-2.1052,-4.2060,-1.9022,-5.8809,-3.6088,-5.9597,-3.6448,-2.7996,-3.9288,-5.8913,-4.5664,-6.7893,-2.2852,-2.2599,-2.8243,-6.0723,-4.7898
P00323,35,-2.7073,-3.6343,-6.7794,-4.3430,-4.2996,-5.8476,-5.3081,-2.7952,-4.7922,-1.0797,-3.2447,-6.2768,-6.2954,-4.6091,-3.7437,-3.8900,-2.6878,-1.2416,-6.5032,-4.9587
P00327,93,-5.9085,-5.8138,-8.4808,-8.0019,-0.1174,-6.5712,-5.2743,-4.9486,-8.2179,-3.7835,-5.1154,-6.6100,-5.9196,-6.6561,-7.9310,-6.1647,-6.5407,-5.1902,-4.1924,-3.4425
P00327,197,-7.4182,-7.2669,-12.2221,-11.7058,-8.7385,-11.7302,-12.4194,-2.8409,-14.1132,-6.6039,-7.8102,-11.6146,-13.0491,-12.7937,-15.8284,-10.0473,-8.2820,-0.0640,-13.1269,-10.5388
P00327,203,-7.6614,-7.9951,-11.1894,-10.6210,-11.1303,-9.3021,-11.6621,-3.7183,-12.9674,-5.7129,-8.4148,-10.5222,-11.7920,-11.0574,-13.0016,-9.2827,-8.1221,-0.0296,-15.2668,-13.4889
P00327,207,-2.0795,-3.2213,-10.3466,-9.8022,-7.6481,-7.0904,-10.8730,-1.3554,-12.9857,-3.0384,-4.3730,-8.3663,-11.5027,-8.6030,-13.9172,-5.3417,-2.2197,-0.9127,-12.4060,-10.7221
P00327,220,-8.1014,-8.5768,-14.2530,-14.1209,-3.3499,-12.4812,-11.3687,-0.1951,-12.9627,-4.1790,-6.2090,-13.4227,-13.1494,-13.2874,-13.6211,-11.5957,-9.1137,-2.1702,-8.3639,-4.6217
P00327,222,-6.4341,-6.6510,-13.3783,-12.6280,-7.4670,-10.4886,-12.1103,-1.7129,-13.6466,-5.6733,-6.9485,-10.9365,-12.9303,-11.8991,-13.9932,-8.1768,-6.3788,-0.2111,-13.0362,-10.1614
P00327,322,-2.0269,-3.4180,-4.5244,-4.4094,-3.2907,-2.9912,-4.2606,-2.6586,-5.7683,-2.8949,-3.0858,-3.5011,-3.5211,-4.1601,-4.7765,-2.3484,-2.1425,-1.9021,-2.8966,-3.3347
P00431,272,-4.0360,-5.6758,-6.3382,-5.4299,-3.6383,-5.8081,-4.4745,-2.4033,-3.6857,-0.5274,-2.4402,-4.1982,-7.8672,-4.4741,-4.6563,-4.7610,-4.0694,-2.9327,-6.0742,-3.8264
P00433,171,-5.4413,-8.6398,-8.4177,-9.0190,-8.3408,-8.0535,-9.0801,-6.8579,-8.1756,-7.4602,-7.7294,-6.5113,-7.5458,-8.8838,-7.6674,-3.7094,-0.0366,-7.0342,-10.6267,-9.6206
P00441,38,-8.0085,-8.5272,-12.9035,-11.8463,-5.3078,-10.4811,-11.3808,-4.5757,-11.2264,-0.0311,-4.6113,-11.7130,-10.1630,-11.1181,-12.0221,-10.3231,-9.1879,-5.4046,-10.0865,-9.8600
P00441,93,-6.9475,-7.8325,-7.4867,-8.5079,-8.4432,-0.0090,-8.1788,-10.3665,-7.0215,-8.1941,-9.1944,-6.1120,-12.7541,-8.9103,-8.1308,-6.1560,-9.9624,-9.0721,-10.5808,-9.0856
P00448,30,-7.0910,-10.0109,-9.2653,-9.5862,-6.3736,-7.5483,-0.0179,-8.7506,-8.6704,-6.9454,-8.1919,-6.0546,-9.5280,-6.0754,-7.7354,-7.0706,-7.7405,-8.2718,-6.6295,-5.3258
P00469,178,-3.0843,-4.5830,-2.1305,-2.6272,-3.9342,-2.1676,-3.0591,-4.1860,-2.2536,-3.5427,-4.8118,-2.6727,-2.9529,-3.0228,-2.8169,-2.7354,-2.7710,-3.6557,-5.1934,-3.6437
P00469,179,-2.5576,-3.9880,-3.1969,-3.0036,-3.2649,-1.9900,-2.8877,-3.6575,-2.8454,-2.8762,-3.8426,-3.1399,-3.0817,-3.1603,-2.7434,-2.7270,-2.8812,-3.1022,-4.3891,-3.0706
P00469,229,-2.5720,-4.3849,-2.5368,-2.6977,-3.3667,-2.7263,-2.9625,-3.4950,-3.2193,-2.8613,-3.6292,-2.8262,-3.1669,-2.9385,-2.7791,-2.5425,-2.7447,-3.1320,-4.1742,-3.2043
P00523,338,-5.4144,-4.7509,-11.1338,-7.4985,-6.3075,-7.7258,-8.1997,-5.7679,-9.2018,-3.1741,-2.2599,-7.1675,-9.7277,-5.9908,-9.4907,-3.7529,-0.2237,-4.9727,-9.3374,-6.9117
P00590,129,-0.5856,-8.1271,-7.5375,-7.0220,-5.4074,-1.9150,-8.5451,-5.1679,-7.9928,-4.6017,-4.3887,-6.2158,-7.7863,-6.9233,-7.3820,-2.1867,-2.4363,-2.8785,-8.5928,-7.1205
P00634,331,-9.6907,-13.3212,-9.2782,-10.1163,-11.1574,-10.8729,-0.0010,-12.0790,-9.8940,-10.7051,-11.6293,-8.2749,-11.7193,-8.3940,-10.2320,-10.2448,-10.9218,-11.3627,-12.5054,-9.4359
P00634,412,-10.8023,-15.8575,-10.3983,-10.7936,-11.1245,-11.3442,-0.0005,-11.9503,-10.8736,-10.6856,-12.7565,-9.7387,-10.5069,-10.3227,-10.2650,-11.1569,-10.8949,-11.4895,-13.1407,-8.6855
P00636,22,-2.3950,-4.9698,-3.2821,-2.0124,-4.4940,-2.5216,-4.0735,-3.2700,-1.8125,-2.9239,-4.1014,-3.2367,-3.7124,-3.0269,-2.3909,-2.9318,-3.2551,-3.2260,-6.2130,-4.3198
P00636,54,-2.1052,-5.9111,-2.4388,-2.4383,-4.7056,-1.7422,-3.8526,-4.4105,-3.2054,-3.2370,-4.0182,-2.7208,-4.3513,-3.3078,-4.0634,-1.9011,-2.6586,-3.7983,-6.4198,-4.6511
P00636,57,-2.4135,-5.8633,-2.8886,-2.0397,-4.3497,-2.6369,-3.7325,-3.6020,-2.5939,-2.6154,-3.5439,-3.9812,-4.0696,-2.5599,-3.4865,-2.1990,-2.3651,-3.0730,-6.4980,-4.3302
P00636,192,-4.6763,-6.1421,-1.7688,-0.6231,-8.0386,-4.3039,-4.4250,-7.2697,-2.6738,-7.2342,-7.1345,-3.0172,-8.4523,-3.2169,-3.5948,-3.1934,-3.7382,-6.5417,-9.1578,-6.4300
P00651,23,-2.3643,-3.1467,-3.4482,-3.7987,-2.7893,-1.6385,-4.2663,-2.7108,-3.9392,-2.4050,-3.9994,-3.2970,-4.4514,-3.9704,-4.0118,-3.2059,-3.1949,-2.6676,-3.5114,-2.5498
P00651,25,-3.0715,-3.5773,-2.7963,-2.9607,-3.5036,-3.5353,-4.0886,-2.7075,-3.6143,-2.9561,-4.6158,-3.1093,-4.0440,-3.3759,-3.9399,-2.5793,-1.6039,-2.4416,-3.7682,-2.5450
P00651,40,-2.6844,-3.2772,-2.7062,-3.2795,-3.2912,-2.2580,-4.1145,-2.9548,-3.7409,-2.8787,-4.3444,-2.7437,-3.5328,-3.6389,-4.0798,-2.4047,-2.5429,-2.5608,-3.7494,-2.5257
P00651,45,-2.7042,-3.2744,-2.8451,-3.3515,-3.2419,-2.1267,-4.0907,-2.8858,-3.6636,-2.8254,-4.3946,-2.8410,-2.7831,-3.6256,-3.9109,-2.5629,-2.6862,-2.6221,-3.6683,-2.7537
P00651,46,-2.7152,-3.3366,-2.7189,-3.4047,-3.2553,-2.2077,-3.9206,-3.1902,-3.5874,-3.0140,-4.3881,-2.6484,-3.3064,-3.4744,-3.9213,-2.2893,-2.5551,-2.8407,-3.7216,-2.5186
P00651,92,-2.7236,-3.2118,-3.0152,-3.3544,-2.9645,-2.2114,-4.0015,-2.6901,-3.6579,-2.8498,-4.2897,-3.0656,-3.4755,-3.7065,-3.5805,-2.6260,-2.6766,-2.3372,-3.7516,-2.6007
P00698,12,-6.9036,-9.2481,-12.8157,-11.0801,-2.8152,-9.9437,-9.7468,-3.9564,-11.7381,-0.1534,-2.9256,-10.9205,-9.4489,-9.5764,-10.9529,-8.6461,-7.6442,-5.0745,-7.7850,-7.1558
P00698,15,-0.7043,-6.4241,-4.7118,-4.3053,-2.7345,-3.7477,-3.7542,-4.3947,-5.3494,-3.2663,-4.5386,-3.8155,-6.7733,-4.0884,-5.1970,-2.0757,-3.7117,-3.2060,-4.8866,-2.8106
P00698,18,-4.1585,-9.3524,-0.6046,-3.0640,-6.8513,-3.3258,-4.0501,-6.7356,-5.4122,-5.8602,-6.6667,-1.3562,-6.3131,-4.2391,-5.5474,-3.4294,-4.6587,-6.0075,-6.6380,-5.6065
P00698,27,-5.4572,-8.8115,-0.9261,-4.7651,-7.2563,-6.0822,-4.0174,-6.7391,-5.8891,-7.0066,-6.7799,-0.6768,-6.8302,-5.3935,-6.3153,-3.8996,-3.7915,-6.0633,-8.5531,-5.8122
P00698,31,-6.4399,-10.1149,-9.5840,-8.0557,-4.9614,-8.9701,-7.6984,-1.4846,-7.9103,-0.4362,-2.5775,-7.8147,-8.4396,-5.9756,-7.5773,-7.7686,-4.8652,-3.5538,-8.6957,-7.8776
P00698,35,-5.0223,-10.2779,-5.4634,-0.0229,-10.1873,-6.2810,-7.7712,-8.1128,-6.9321,-8.6132,-8.3973,-7.5010,-12.1556,-6.1547,-8.5402,-6.8977,-6.5657,-6.0874,-10.8046,-8.8749
P00698,40,-4.9386,-8.2285,-8.8585,-8.8075,-8.4537,-7.9419,-9.4326,-4.8676,-9.5148,-6.1558,-6.0698,-6.2876,-5.4174,-9.3311,-10.1385,-3.7652,-0.0609,-4.7266,-10.8009,-9.6078
P00698,49,-5.9760,-7.7053,-5.3117,-6.6451,-6.4918,-0.1360,-5.8573,-8.3579,-5.4075,-6.6778,-7.2235,-2.8857,-7.6368,-5.8602,-3.8192,-4.1055,-5.4832,-7.5960,-6.2767,-5.8965
P00698,52,-7.0605,-9.8671,-0.0498,-4.4639,-9.9415,-5.8437,-7.8742,-9.1997,-7.9503,-9.5273,-9.4622,-3.6698,-10.0720,-8.2558,-8.5060,-5.2615,-7.6006,-8.4963,-10.4507,-8.0107
P00698,55,-7.1789,-10.4729,-10.6051,-10.2574,-3.9531,-10.1868,-8.8240,-0.6422,-9.9334,-0.9984,-3.5520,-9.0226,-5.8196,-9.2078,-9.4908,-8.6625,-6.7443,-3.0089,-8.6807,-6.0680
P00698,58,-8.4155,-12.2548,-10.9526,-8.6940,-6.5494,-11.4190,-9.0031,-0.0708,-10.2385,-3.3921,-4.9554,-8.9974,-10.9911,-6.4991,-10.4231,-9.2879,-6.6296,-3.7960,-11.0131,-9.5407
P00698,59,-8.7851,-9.4601,-7.1852,-10.0682,-10.1302,-7.1908,-8.0290,-9.5204,-7.3725,-8.1384,-10.1895,-0.0455,-10.2019,-9.1492,-8.1391,-3.2171,-7.4009,-9.6946,-10.6833,-9.1569
P00698,62,-3.8384,-8.0677,-4.3395,-5.4057,-2.4656,-5.5257,-3.4635,-5.4479,-5.6199,-4.2780,-5.7179,-3.3434,-6.3430,-4.8998,-4.6287,-3.3867,-4.3742,-4.6696,-2.1076,-0.5384
P00698,67,-3.5415,-10.6700,-4.5682,-4.8001,-5.8055,-0.3429,-5.1091,-5.2327,-4.1109,-5.1051,-5.9987,-3.8146,-3.0740,-4.6145,-3.0403,-3.4501,-3.8232,-4.2559,-5.6313,-5.1202
P00698,71,-3.5139,-9.5746,-2.9013,-4.2603,-5.0694,-2.0708,-3.8482,-6.1552,-4.0790,-4.6755,-5.7260,-0.7025,-6.0793,-3.6471,-3.0972,-2.4971,-3.2367,-5.5218,-5.8271,-3.9990
P00698,78,-3.1565,-8.8884,-7.2301,-5.1126,-5.3445,-7.5016,-6.8480,-1.8514,-4.8076,-2.9204,-3.3370,-6.9436,-8.2406,-4.3588,-5.0853,-4.7861,-2.7869,-0.5179,-7.8384,-5.7475
P00698,91,-2.0214,-7.6221,-0.5747,-5.2441,-7.2704,-4.8562,-5.5123,-6.0917,-6.7256,-6.5474,-6.8735,-3.2825,-6.6634,-5.4200,-7.4487,-1.6220,-3.7196,-4.3049,-9.4702,-6.6581
P00698,98,-4.9815,-10.7567,-10.2482,-8.8339,-7.2152,-9.6054,-9.2749,-0.4162,-8.3519,-4.6100,-5.5388,-9.0639,-10.5541,-8.9309,-8.6144,-7.8891,-5.4947,-1.1613,-9.8119,-8.0706
P00698,102,-3.4220,-9.2595,-5.1442,-4.4298,-6.3064,-4.7127,-5.2400,-5.1044,-3.7610,-4.5277,-4.7710,-4.3681,-0.5825,-4.4790,-3.6102,-3.1051,-1.5414,-4.4110,-7.0454,-5.7120
P00698,117,-4.9591,-9.2641,-4.4797,-5.7658,-7.5053,-0.1653,-5.4043,-7.9293,-4.5110,-7.0369,-7.5790,-2.7195,-6.6692,-5.4073,-3.7910,-4.4157,-5.7409,-6.5981,-7.8254,-6.3710
P00772,77,-4.0935,-8.6216,-2.7999,-0.3581,-7.2102,-3.6617,-5.2768,-5.7136,-5.5271,-5.6120,-6.8180,-3.9142,-7.1029,-2.7314,-4.6432,-3.2754,-3.3793,-4.6259,-7.4730,-6.2103
P00772,131,-2.1679,-9.7320,-4.1604,-4.2324,-5.6767,-3.6584,-5.7294,-5.2694,-5.5005,-4.2946,-6.4536,-2.8944,-0.6481,-3.0754,-4.0530,-2.6505,-2.8744,-3.8399,-7.4202,-4.9046
P00778,181,-3.7724,-5.4995,-5.1853,-4.7496,-3.4407,-5.0446,-5.1700,-1.3906,-5.2066,-2.6520,-3.9886,-4.2729,-6.2674,-3.9410,-3.8886,-4.3277,-2.6255,-0.9536,-3.7527,-3.8689
P00808,166,-6.4470,-11.2570,-5.5314,-0.0149,-8.4045,-7.1332,-8.3883,-7.8872,-8.4716,-7.1273,-8.0314,-8.0098,-8.6297,-5.6520,-9.1049,-7.4139,-7.5559,-7.2267,-9.5710,-8.3575
P00811,64,-8.6320,-8.7417,-10.3485,-13.1654,-10.6934,-8.2787,-12.1032,-11.3983,-13.8650,-9.8111,-12.5500,-9.7139,-9.7824,-13.0210,-11.8374,-0.0010,-9.0932,-11.2373,-12.6412,-11.6580
P00811,67,-10.2045,-13.0641,-11.0408,-9.4075,-12.3288,-10.2853,-10.1535,-11.6861,-0.0008,-10.8584,-10.6987,-8.5809,-11.2469,-8.7596,-9.9639,-10.0283,-9.7291,-10.5522,-13.7541,-11.1868
P00811,152,-6.5762,-10.8977,-3.1826,-5.9165,-10.4021,-6.3223,-7.3050,-10.4812,-10.5118,-10.0456,-10.5549,-0.0740,-4.9254,-7.4275,-11.9923,-4.7167,-5.1000,-9.7955,-11.4517,-8.9362
P00817,117,-2.8890,-4.8522,-3.2368,-3.1837,-3.0252,-3.2400,-3.6384,-2.3456,-2.2434,-2.3662,-3.8856,-2.9392,-3.0486,-3.4026,-3.2702,-3.0066,-2.6482,-2.6904,-4.4134,-2.9233
P00883,33,-6.3969,-3.6320,-0.0521,-6.0326,-6.4699,-6.0247,-8.3664,-6.0709,-9.9645,-6.4860,-7.7594,-5.6080,-7.4572,-8.2531,-10.0556,-7.1790,-6.7302,-5.3352,-9.4318,-8.1582
P00883,229,-11.3539,-11.4000,-12.9074,-10.3577,-12.5103,-12.4718,-11.6391,-10.1887,-0.0015,-9.3075,-7.8492,-10.3660,-14.1999,-9.0328,-7.3152,-11.2473,-10.8007,-10.3713,-13.1392,-12.0557
P00918,7,-7.8619,-6.8331,-6.3558,-7.0029,-4.4499,-7.2505,-4.6377,-8.5108,-6.9855,-7.3827,-9.6058,-7.0096,-8.2618,-7.7908,-8.3438,-6.5171,-7.7085,-8.4205,-7.0114,-0.0334
P00918,62,-4.9404,-7.0857,-2.5189,-5.2864,-7.2136,-4.9247,-6.2618,-5.1960,-4.9901,-5.4489,-6.5722,-0.4583,-8.3384,-5.9375,-5.6141,-3.4791,-1.6266,-4.6241,-8.8088,-6.1364
P00918,64,-6.3568,-7.5582,-8.1992,-8.6767,-5.9610,-7.7448,-0.0505,-7.5965,-5.9359,-7.6039,-8.3685,-5.6044,-8.0354,-5.8155,-5.1075,-6.0017,-5.8888,-6.4633,-9.2184,-3.9283
P00918,67,-4.4078,-7.6121,-6.0318,-3.6108,-6.2424,-5.9505,-4.9212,-5.2719,-3.2952,-2.5535,-3.3868,-5.6838,-8.1072,-0.2820,-4.5016,-4.9507,-5.2289,-4.6948,-7.3733,-6.9750
P00918,94,-12.0440,-11.7880,-10.5226,-11.3500,-11.5291,-13.0784,-0.0011,-11.5149,-9.5392,-10.1638,-12.1825,-8.3375,-12.0085,-8.4408,-7.9380,-11.0611,-11.6826,-11.0114,-14.2897,-10.0970
P00918,121,-7.7578,-9.8944,-11.3857,-10.0051,-11.1627,-11.0079,-11.9887,-5.5361,-11.7148,-7.2104,-9.4442,-10.6518,-12.3937,-12.9373,-13.1157,-11.5280,-8.8840,-0.0056,-14.2150,-11.0179
P00918,143,-6.1949,-8.7473,-10.5424,-9.7792,-9.8390,-10.3463,-12.9303,-4.1636,-12.7270,-6.8905,-8.2859,-10.4765,-12.1190,-12.0178,-13.1160,-8.7335,-7.0667,-0.0205,-14.1316,-12.2829
P00918,170,-1.7394,-7.8646,-6.0245,-3.6445,-7.2728,-5.0456,-5.4931,-5.1827,-0.7617,-5.5283,-6.0216,-5.1019,-1.8468,-3.3785,-3.5760,-3.4534,-4.0337,-3.5246,-9.8953,-7.5117
P00918,198,-9.3043,-9.3593,-10.7156,-9.2801,-4.9971,-11.2410,-8.8480,-5.8075,-8.7148,-0.0194,-5.0984,-9.7690,-9.0255,-8.1021,-8.9211,-8.7058,-8.5581,-6.9455,-8.9642,-7.2788
P00918,199,-8.2910,-9.8665,-11.3529,-10.7867,-11.4033,-11.0406,-12.6425,-7.9715,-10.2340,-9.9121,-8.2789,-8.3640,-10.2293,-11.5502,-11.1283,-6.6702,-0.0028,-8.4403,-13.6505,-12.0756
P00918,200,-6.0998,-8.2557,-9.6749,-8.6793,-8.1434,-9.9613,-8.6824,-7.5197,-8.2179,-8.2736,-6.1846,-7.8527,-9.0292,-8.6564,-8.9566,-5.0863,-0.0160,-6.0396,-11.5453,-8.9540
P00918,226,-7.1977,-7.7460,-11.0838,-10.2113,-0.1272,-10.0515,-9.2543,-5.0491,-11.1636,-2.4538,-4.0065,-10.1264,-10.5862,-9.3375,-10.6590,-8.0557,-7.9460,-5.9038,-6.9611,-5.8183
P00918,234,-2.7426,-6.2213,-2.4184,-2.1700,-4.5372,-3.1481,-3.8498,-3.9855,-1.6069,-3.4472,-4.8242,-2.7543,-2.4471,-3.1895,-3.4491,-2.6030,-3.0597,-3.1640,-6.4822,-4.7594
P00974,38,-5.4780,-0.0537,-6.2156,-6.4821,-6.0814,-5.3349,-6.6229,-6.4791,-5.7793,-5.7578,-7.0719,-6.2059,-5.0651,-6.7575,-5.4894,-5.4331,-6.0094,-6.0430,-6.2629,-5.9017
P01112,12,-4.4918,-7.0737,-9.1477,-9.2410,-9.4657,-0.0282,-9.6899,-9.4558,-9.3900,-9.5935,-9.0114,-8.1593,-7.1784,-8.9688,-7.5471,-4.5175,-6.1704,-8.3489,-10.0573,-10.0520
P01112,33,-5.0472,-6.1958,-0.1708,-2.9374,-5.3615,-7.1068,-5.5729,-4.9258,-6.3126,-5.0689,-5.9523,-3.4225,-8.6152,-5.1206,-6.5061,-4.6272,-5.0445,-5.0206,-9.1351,-5.2811
P01112,38,-8.4422,-9.9439,-0.0082,-6.1065,-11.6243,-8.2497,-9.7873,-11.6242,-11.3492,-11.5141,-11.2643,-5.4784,-11.0851,-9.7892,-11.7883,-7.1250,-8.5615,-10.0663,-15.5347,-11.4592
P01112,50,-3.3186,-6.4465,-2.3893,-0.5812,-7.1702,-5.1944,-4.7944,-5.7134,-3.9666,-4.9174,-5.6936,-3.7640,-2.5982,-2.9316,-4.2727,-3.1144,-3.2095,-4.3459,-8.7301,-6.8869
P01112,59,-0.0262,-7.5301,-9.9054,-9.1939,-9.4516,-5.5517,-10.4639,-10.1524,-11.9005,-10.2845,-9.8566,-9.6118,-6.5858,-9.8077,-10.9553,-4.0833,-6.7561,-6.6070,-10.1640,-9.1617
P01112,61,-5.1038,-7.7908,-7.9180,-6.5738,-8.1369,-6.6108,-5.6944,-6.9465,-6.6848,-5.1488,-5.8723,-6.2402,-9.3485,-0.0566,-6.5293,-4.3509,-4.3912,-6.6496,-9.5225,-7.1030
P01112,70,-5.7286,-5.9908,-8.5727,-7.2752,-6.0712,-6.6240,-3.9395,-3.9993,-4.6758,-0.9471,-3.8759,-5.2737,-7.1486,-0.8604,-2.5020,-4.9158,-5.0008,-4.8748,-7.9060,-6.8131
P01112,97,-4.6655,-4.7756,-8.5981,-6.7011,-4.0493,-6.4082,-2.8805,-3.7203,-2.5897,-2.0932,-3.3507,-5.0696,-10.0448,-3.5492,-0.7781,-5.8559,-6.1205,-3.6624,-4.4317,-2.1986
P01112,120,-4.6945,-5.4731,-3.9325,-2.1001,-6.2627,-7.1053,-6.4631,-4.0021,-4.7901,-0.3189,-3.7396,-6.0721,-8.3833,-3.6447,-5.1155,-5.1425,-5.4944,-4.0510,-9.4422,-6.9831
P02185,28,-2.9649,-4.3231,-9.0136,-8.1942,-2.3879,-6.2770,-7.4906,-1.1520,-8.6246,-1.4972,-2.6658,-6.7877,-9.3302,-7.2039,-8.8324,-5.3399,-4.0859,-1.5966,-7.2984,-5.5082
P02185,29,-5.5335,-5.8214,-9.8377,-9.0620,-0.7610,-7.8166,-6.4873,-3.8171,-8.7749,-1.2363,-2.2348,-7.9811,-9.1544,-7.2675,-8.3361,-6.9391,-6.4603,-4.2082,-4.1800,-2.6578
P02185,46,-4.3161,-5.7579,-7.1698,-6.9038,-0.3340,-6.1034,-5.7404,-3.0272,-6.8338,-2.7187,-3.6342,-6.4435,-6.8276,-6.8457,-7.0659,-5.6576,-5.1329,-3.1977,-3.8688,-3.1554
P02185,64,-6.8102,-9.5608,-7.6919,-6.8326,-6.9016,-7.8037,-0.0262,-8.3161,-6.2819,-6.5509,-6.8779,-6.3040,-8.8601,-4.7345,-6.4321,-6.9508,-7.0555,-7.4722,-9.2740,-6.0711
P02185,68,-4.1926,-6.5058,-9.7567,-8.2563,-4.3939,-7.6311,-7.7682,-2.2456,-9.2574,-3.2499,-3.5759,-7.6356,-9.0302,-7.5024,-9.5612,-6.5449,-4.7706,-0.2434,-7.9772,-6.4097
P02185,89,-5.5296,-7.6933,-8.2018,-7.1861,-3.6113,-8.2481,-6.4845,-2.2109,-7.3936,-0.2913,-3.0512,-7.7574,-7.2054,-6.2587,-7.4299,-6.8193,-5.3610,-3.1302,-6.3251,-5.1154
P02185,97,-3.6562,-6.1852,-4.0532,-4.0905,-2.9369,-4.4799,-1.3993,-4.5955,-2.8348,-1.8082,-3.0536,-3.0909,-5.1901,-2.8194,-2.3782,-4.0506,-4.4245,-4.2040,-4.8924,-2.3895
P02185,99,-3.9420,-5.5972,-8.8358,-8.4799,-3.8139,-7.6249,-8.0436,-1.1354,-9.6202,-1.9587,-3.6896,-7.7063,-7.1215,-7.5579,-9.7940,-6.6156,-4.5296,-0.7959,-8.3413,-6.9926
P02185,104,-4.9520,-5.6407,-8.2889,-7.7415,-0.4197,-7.0409,-5.4340,-3.1779,-8.7189,-2.2809,-3.5189,-7.1583,-8.1351,-6.7814,-8.3357,-5.9278,-5.3445,-3.2866,-3.8422,-2.4788
P02185,107,-3.1569,-4.7397,-8.0624,-6.6213,-1.5220,-4.9832,-6.5521,-2.2505,-8.7224,-1.2768,-2.1705,-6.5954,-7.9285,-6.0883,-9.0230,-4.4122,-3.1775,-1.8940,-5.7659,-4.5660
P02185,122,-2.0667,-5.6441,-1.4665,-1.7535,-4.1183,-3.7847,-3.7168,-4.0690,-3.0130,-2.7126,-4.1181,-3.9810,-6.8089,-2.8935,-4.4479,-2.6640,-3.4574,-3.0183,-4.9081,-4.6587
P02185,138,-3.6074,-5.0030,-9.8462,-8.3803,-2.7572,-6.4871,-7.2753,-1.1361,-8.9861,-1.3582,-2.5876,-7.3026,-7.2983,-6.9863,-9.2510,-5.5155,-4.1463,-1.5331,-5.8954,-5.1457
P02213,25,-3.3932,-4.5017,-7.6833,-7.3708,-2.7567,-6.0441,-5.9297,-1.2684,-7.6851,-1.6834,-3.5910,-5.7290,-6.8209,-6.2519,-8.0145,-5.2482,-4.3871,-1.0701,-5.6981,-3.9115
P02213,36,-4.3251,-5.6067,-10.1064,-9.6413,-2.2268,-8.4007,-9.5037,-1.5222,-10.3537,-0.7618,-2.6130,-8.7291,-10.5743,-8.8719,-10.3561,-7.3864,-5.7592,-2.2148,-7.0024,-6.1378
P02213,37,-6.3135,-6.6521,-10.6254,-10.2097,-0.2164,-8.7841,-7.5614,-4.3799,-10.3435,-2.6104,-3.5766,-8.9021,-10.5528,-8.7939,-9.7781,-7.7532,-7.3802,-4.8288,-3.5039,-3.2917
P02213,56,-3.0054,-7.4752,-1.0948,-2.5112,-4.7748,-2.0447,-5.3637,-4.6235,-2.9980,-3.9497,-4.9735,-2.4257,-3.4218,-3.4839,-4.7042,-2.5728,-3.0769,-4.0799,-6.5197,-5.5027
P02213,72,-2.2605,-6.0740,-5.3034,-5.0778,-4.7378,-3.3684,-4.4886,-3.6869,-1.4656,-3.4074,-3.2776,-3.0805,-6.8492,-3.2670,-1.6024,-2.6633,-2.5042,-2.9309,-6.8719,-4.7654
P02213,79,-1.9923,-4.3934,-3.3859,-3.5984,-3.1796,-2.7880,-3.1856,-3.1962,-3.3258,-2.5956,-3.3888,-2.7026,-6.0142,-3.2124,-3.7757,-2.5343,-2.1541,-2.6036,-5.2361,-2.9370
P02213,80,-2.0196,-3.7582,-8.7858,-8.0470,-3.0153,-5.2747,-7.1505,-1.4978,-8.3715,-1.6295,-2.7590,-7.2127,-8.6529,-6.8357,-8.7282,-4.6965,-3.6591,-1.4185,-6.0341,-3.7374
P02213,97,-2.8404,-5.5323,-4.4888,-2.9484,-4.4623,-4.7419,-4.8853,-2.0801,-5.2255,-1.1425,-2.8363,-3.6585,-6.7350,-3.1467,-5.1472,-3.1866,-2.2661,-2.2062,-6.3143,-5.2046
P02213,100,-2.6052,-7.3971,-2.2273,-2.7361,-4.5559,-3.1320,-4.3158,-3.7638,-2.0172,-3.4444,-3.8872,-2.5280,-3.8486,-2.4083,-3.1341,-2.3308,-2.4298,-3.2458,-6.6053,-4.1034
P02213,104,-3.7567,-6.8400,-5.2027,-5.2702,-3.9190,-4.5864,-2.8589,-5.8939,-1.2905,-3.3654,-3.6194,-3.7111,-6.7336,-3.4936,-0.9806,-4.0122,-5.0751,-5.1103,-5.1594,-2.6437
P02689,2,-3.5490,-6.0477,-0.9660,-1.2013,-5.4007,-4.0711,-5.4224,-5.2485,-4.2516,-4.7638,-4.8708,-2.6836,-4.6266,-3.9053,-5.7836,-2.4223,-3.7569,-4.7002,-7.8985,-5.8307
P02766,25,-0.2585,-4.5489,-8.3401,-7.7236,-6.5873,-2.0025,-7.8505,-5.2463,-8.1374,-4.6309,-5.6547,-7.5591,-5.4801,-7.2501,-7.4142,-4.0139,-4.8382,-3.5627,-9.0907,-7.5614
P02766,30,-3.5447,-4.1451,-8.8151,-8.1560,-3.0969,-6.3126,-7.5317,-1.6807,-9.8972,-1.5756,-3.7586,-8.2249,-6.2708,-7.9031,-9.1373,-6.0788,-4.3318,-0.7666,-7.0200,-4.9220
P02766,54,-3.2557,-4.2852,-3.8239,-2.3111,-3.6628,-4.2602,-3.4595,-3.3257,-3.3605,-2.3502,-3.9410,-4.2198,-7.7209,-2.7157,-1.1220,-3.5028,-3.2854,-2.9533,-4.3024,-3.5123
P02766,55,-3.2727,-2.3229,-7.5240,-7.5426,-3.4762,-5.8970,-6.5450,-1.3375,-5.8803,-1.7211,-4.0993,-6.4959,-6.2803,-7.1279,-5.4545,-4.4305,-3.9249,-1.1407,-5.7967,-5.4230
P02766,58,-3.7785,-5.2292,-6.8001,-6.1857,-2.2118,-5.5614,-6.0719,-2.0269,-6.4828,-0.6255,-3.8335,-7.2005,-4.8325,-6.5098,-6.1407,-5.3246,-5.1345,-2.5454,-2.9193,-4.8849
P02766,60,-2.5426,-4.8714,-2.5231,-2.9149,-4.8258,-1.9365,-4.1394,-5.3374,-3.0337,-4.0345,-5.6525,-3.0448,-2.9983,-3.9817,-3.3409,-1.4047,-2.1184,-4.3070,-6.3578,-5.3937
P02766,63,-2.5391,-4.9901,-2.1862,-2.1271,-5.1041,-2.8598,-3.3980,-4.7793,-2.3117,-3.7432,-4.4657,-2.8717,-2.4598,-2.6409,-2.6948,-2.6116,-2.8424,-3.8468,-6.1314,-4.9414
P02766,77,-1.3308,-6.9100,-2.4076,-2.1788,-6.7967,-2.8652,-4.6104,-6.2924,-3.2006,-4.7854,-6.1947,-3.7005,-1.8150,-3.4536,-3.7073,-2.2349,-3.0173,-4.7201,-7.8568,-6.4740
P02766,78,-6.5688,-5.9739,-8.5921,-8.4805,-2.6717,-8.4141,-2.9063,-7.5055,-7.5141,-5.7247,-7.4153,-6.9837,-8.5194,-7.0639,-5.9599,-6.8078,-7.2304,-6.6041,-4.6734,-0.1630
P02766,84,-3.1791,-4.0649,-5.6337,-3.5827,-3.6159,-5.6294,-2.8239,-2.1587,-1.9972,-1.7696,-3.6141,-4.6060,-6.7826,-2.9510,-2.6335,-4.1624,-3.2650,-1.9365,-6.1611,-3.3205
P02766,104,-3.6788,-5.7038,-3.4774,-3.3396,-4.4493,-3.6715,-0.8628,-4.8329,-2.6464,-3.9650,-5.3633,-3.2225,-3.6906,-2.7747,-2.3485,-3.0207,-3.3625,-4.2219,-6.2507,-3.8768
P02766,108,-3.1647,-6.5468,-4.7811,-4.5171,-6.7896,-4.7111,-4.3647,-6.5395,-4.2523,-5.1508,-6.5387,-4.0614,-0.2744,-3.8714,-3.7242,-3.3065,-3.7100,-5.1656,-8.0038,-6.2636
P02766,109,-4.1748,-5.6763,-8.2373,-7.0488,-3.9850,-6.9724,-6.7954,-2.6469,-7.4324,-0.3968,-2.9983,-7.2574,-5.0722,-6.0636,-6.9419,-5.9886,-4.7425,-1.9549,-7.2135,-6.3192
P02766,114,-4.1511,-4.9817,-5.3154,-5.6520,-0.9612,-4.4475,-3.3743,-5.1524,-5.5283,-3.3660,-4.9088,-4.7872,-6.2219,-5.2461,-4.7224,-3.9922,-4.5707,-4.8032,-3.0824,-0.9634
P02766,119,-2.9265,-3.8175,-4.1740,-4.2284,-2.8234,-3.8014,-3.2767,-3.5754,-3.9922,-3.0671,-4.2167,-3.9742,-3.7821,-4.0144,-3.0369,-2.6042,-2.2025,-2.7674,-4.1642,-1.2149
P02766,122,-2.4945,-4.1661,-3.0823,-3.1173,-3.5809,-2.3653,-3.6421,-3.2629,-3.1532,-2.7485,-4.2612,-3.3196,-2.3843,-3.4569,-2.7177,-2.2726,-2.5226,-2.8424,-4.4991,-3.6433
P02791,59,-3.4381,-5.7083,-6.6689,-4.6290,-4.1838,-5.3475,-3.4874,-4.7053,-2.4377,-2.9111,-4.2815,-5.4740,-9.6551,-2.8309,-0.4891,-4.3896,-4.3423,-4.4127,-4.4386,-4.3796
P02791,93,-2.3656,-5.0476,-5.2451,-2.2689,-3.4532,-4.5145,-4.4124,-2.2778,-4.0369,-1.3783,-4.0573,-6.0023,-5.0407,-3.4635,-3.8781,-3.8985,-2.9128,-1.7506,-5.7975,-3.3656
P02791,115,-2.0180,-6.8133,-2.0582,-1.7139,-5.8795,-3.9281,-3.4645,-5.2420,-2.4544,-3.9693,-5.6951,-3.3193,-7.1636,-2.1882,-2.0032,-3.3791,-2.9645,-4.1956,-6.9250,-5.2518
P02791,118,-2.4624,-4.5816,-3.5830,-1.6762,-5.2363,-4.7702,-3.9777,-3.5136,-1.9197,-2.5437,-3.7811,-4.0432,-7.6861,-2.5547,-2.4914,-3.3379,-2.4543,-2.6337,-7.3362,-4.9760
P02791,126,-1.2681,-4.3015,-5.3576,-4.7303,-5.9937,-3.6586,-5.4694,-3.7611,-4.4270,-4.1316,-4.7374,-4.6238,-6.2252,-4.6992,-3.7905,-2.1425,-0.9904,-2.7422,-7.6752,-6.2774
P02794,140,-6.6122,-11.2245,-4.1589,-0.0285,-10.5188,-6.1871,-7.9808,-9.8514,-5.6861,-9.5286,-9.6026,-7.2680,-8.6623,-5.7973,-8.4203,-7.6448,-8.3560,-8.6137,-11.3775,-9.7843
P03366,90,-4.7404,-5.9986,-10.2887,-8.7645,-2.7404,-8.3068,-8.3435,-2.3062,-8.2301,-0.2725,-3.2429,-9.5973,-6.8082,-7.6453,-7.7399,-7.7043,-6.7951,-4.1878,-6.1776,-6.1137
P03367,8,-3.3735,-4.2810,-4.8482,-4.0967,-4.2753,-3.2014,-3.2557,-3.9605,-1.3938,-3.3287,-4.0585,-3.0226,-4.2302,-3.1758,-1.8168,-2.6131,-2.1307,-4.0000,-6.0027,-3.3942
P03367,76,-2.8149,-4.7050,-7.2881,-5.5596,-2.6353,-4.4797,-4.0624,-1.5984,-4.2690,-1.3506,-3.4987,-5.9597,-8.2845,-4.8049,-3.8455,-4.7657,-4.3093,-2.0173,-3.7106,-2.2173
P03367,90,-4.7404,-5.9986,-10.2887,-8.7645,-2.7404,-8.3068,-8.3435,-2.3062,-8.2301,-0.2725,-3.2429,-9.5973,-6.8082,-7.6453,-7.7399,-7.7043,-6.7951,-4.1878,-6.1776,-6.1137
P03369,64,-5.4842,-5.3639,-9.7328,-9.1723,-2.5405,-7.8151,-8.7560,-0.8689,-9.1961,-1.7693,-4.1782,-9.7038,-8.6015,-9.4409,-9.4416,-8.3072,-5.9492,-1.2325,-5.1728,-5.1419
P03472,292,-2.9117,-4.2070,-2.5419,-2.8998,-3.8123,-2.4566,-3.6905,-3.3899,-2.8261,-3.1580,-4.4177,-2.7243,-2.2340,-3.3515,-2.8856,-2.5304,-2.5669,-3.1420,-4.1706,-3.2681
P03472,329,-2.8384,-3.1912,-2.8648,-3.2110,-3.3701,-2.5550,-4.2356,-2.7824,-3.3724,-2.8256,-4.5104,-2.9722,-2.3839,-3.6986,-3.2215,-2.6343,-2.4486,-2.5548,-3.8075,-3.1257
P03472,368,-2.8411,-3.0118,-2.8088,-3.1933,-3.1800,-2.3134,-3.8916,-3.0181,-3.3796,-2.8032,-4.0416,-3.0544,-2.9795,-3.4262,-3.0900,-2.4182,-2.6632,-2.8288,-3.5690,-3.0576
P03472,369,-3.0225,-3.1399,-2.8399,-3.1235,-3.5708,-2.4296,-3.8026,-3.3177,-2.9699,-3.1639,-4.3870,-2.7647,-2.6886,-3.3014,-2.7906,-2.3340,-2.4568,-3.0709,-3.9402,-3.0531
P03472,432,-2.8683,-3.5422,-2.7424,-2.9230,-3.5370,-2.2162,-3.8863,-3.0103,-3.0453,-2.8856,-4.2515,-2.8451,-2.8767,-3.5207,-2.8964,-2.6351,-2.6580,-2.6946,-3.9274,-3.1657
P03951,129,-2.8388,-6.4981,-2.2861,-1.8232,-3.3474,-3.5825,-3.7403,-3.7782,-2.6721,-3.5408,-4.4294,-2.8936,-4.1618,-2.4550,-3.0748,-2.4368,-2.5908,-3.2054,-4.8632,-3.1344
P04179,30,-7.0966,-8.6456,-9.3133,-9.0043,-6.2025,-7.8136,-0.0271,-7.2848,-7.9929,-5.7701,-7.3986,-5.6944,-9.5883,-5.7810,-7.3301,-6.8764,-7.1963,-7.2507,-7.5531,-4.8098
P04179,143,-2.4642,-5.4340,-3.8038,-3.0207,-5.5684,-2.1862,-3.2812,-5.2944,-3.6296,-4.7385,-4.9529,-3.5638,-5.4800,-0.6826,-4.1331,-3.0048,-3.9321,-4.5565,-6.7419,-5.5926
P04179,161,-8.5507,-7.5212,-10.9345,-10.7134,-4.9863,-9.4641,-7.3185,-8.1153,-9.5779,-6.3198,-7.4812,-9.0880,-10.4067,-9.1776,-8.6419,-8.7175,-9.3686,-8.2781,-0.0321,-3.9313
P04179,162,-8.0396,-9.3765,-6.3994,-0.0053,-11.4437,-9.0490,-9.5690,-9.7981,-9.1491,-9.0220,-9.0309,-8.6710,-12.2575,-6.3696,-10.1450,-8.5953,-8.2665,-8.5321,-11.8373,-11.0789
P04390,69,-3.2281,-5.8990,-2.4319,-2.5411,-3.7297,-2.1099,-3.9493,-2.9814,-2.5181,-3.1359,-4.7491,-2.2149,-3.5379,-3.5253,-3.4732,-2.2980,-2.6253,-3.3431,-5.2259,-3.4826
P04585,76,-2.8149,-4.7050,-7.2881,-5.5596,-2.6353,-4.4797,-4.0624,-1.5984,-4.2690,-1.3506,-3.4987,-5.9597,-8.2845,-4.8049,-3.8455,-4.7657,-4.3093,-2.0173,-3.7106,-2.2173
P04637,220,-6.3174,-5.2555,-9.3314,-8.6735,-0.3972,-8.4602,-5.5842,-4.3680,-8.9295,-2.9429,-4.6600,-8.5604,-8.1302,-7.8778,-8.1056,-6.9505,-6.4436,-3.9186,-2.8775,-1.8222
P04746,195,-11.3266,-8.6543,-11.7752,-11.0296,-10.6662,-8.8486,-7.6148,-10.0987,-9.0926,-8.6816,-10.6280,-11.2231,-9.4643,-8.8251,-0.0018,-9.4119,-10.6145,-10.0064,-8.7163,-10.4344
P04746,197,-10.8377,-10.7963,-0.0005,-8.4674,-11.7314,-10.1033,-11.3829,-12.2433,-11.6130,-12.2573,-11.6273,-10.2936,-10.6951,-12.2716,-12.2713,-9.8256,-12.0795,-11.6234,-11.1540,-10.5737
P04746,287,-3.5518,-7.4151,-6.4807,-5.0888,-4.3298,-6.3547,-6.3857,-2.2955,-5.8068,-0.7348,-2.2028,-5.3760,-6.7333,-4.4596,-6.0466,-4.6434,-3.4209,-1.7071,-6.2081,-4.9381
P04746,298,-6.8461,-7.3559,-5.5614,-8.1769,-10.3005,-7.0767,-8.0940,-7.9379,-8.8398,-8.7477,-8.6296,-0.0502,-8.5608,-7.8431,-9.5872,-3.6897,-4.1915,-8.0227,-11.8430,-10.0029
P04746,300,-9.8969,-11.0456,-0.0017,-7.1277,-12.3875,-8.5709,-10.8719,-11.7345,-11.8868,-12.5217,-11.5439,-8.0596,-11.2392,-11.0905,-11.6121,-11.4247,-9.2537,-10.2357,-11.2093,-9.5641
P04818,191,-2.8326,-4.6292,-2.4405,-2.6062,-3.5369,-2.4372,-3.4878,-3.4132,-2.6988,-2.7348,-3.8585,-2.7760,-2.6456,-3.0160,-2.8770,-2.8106,-2.8475,-3.1384,-4.7539,-3.5590
P05020,109,-5.2497,-6.7058,-8.0366,-7.9922,-8.3022,-5.4732,-7.2500,-7.2069,-7.0225,-7.0735,-7.3107,-6.9596,-6.3358,-7.5975,-6.1604,-3.3305,-0.0617,-5.7965,-9.3194,-8.5782
P05020,110,-3.5530,-5.1089,-5.3842,-5.7996,-6.4674,-4.2879,-4.9114,-5.3945,-5.4933,-4.5581,-5.7392,-3.6696,-4.3629,-5.4876,-4.5854,-2.8507,-0.2422,-4.2033,-7.2504,-6.3357
P05042,126,-2.6073,-5.3655,-3.3459,-2.6637,-2.2916,-2.0879,-3.3796,-2.8268,-3.4611,-2.6858,-3.7463,-3.7602,-3.5702,-3.2588,-3.0456,-3.5944,-2.8605,-2.2082,-4.7678,-3.3626
P05042,324,-9.8100,-12.4029,-12.1197,-9.4260,-12.6166,-10.7377,-11.6403,-11.1479,-0.0014,-11.0701,-9.6809,-9.4719,-13.0472,-9.3464,-7.1149,-9.4552,-9.3985,-11.3974,-14.0154,-12.6254
P05042,326,-8.1806,-8.4567,-5.4870,-9.6455,-9.5519,-9.5062,-5.8082,-9.0404,-9.4241,-9.8051,-9.5826,-0.0146,-11.4003,-8.0719,-9.2096,-5.3269,-7.3062,-8.9118,-10.8827,-8.4170
P05091,244,-7.1025,-7.0433,-11.0965,-10.1178,-9.4637,-9.3384,-10.5404,-4.5927,-10.2692,-8.6526,-7.6875,-9.2512,-11.2307,-10.2475,-9.5690,-7.0643,-0.0194,-5.2178,-11.6750,-10.8793
P05326,55,-3.0210,-4.7353,-5.0384,-3.9457,-2.7958,-5.2693,-3.1946,-2.3056,-2.5659,-1.5972,-2.8092,-3.7431,-7.8903,-2.8807,-2.3964,-3.9464,-3.6448,-2.5432,-4.3018,-2.7907
P05326,252,-5.3686,-4.8556,-5.6681,-8.2356,-5.5489,-6.5720,-5.8210,-3.4414,-9.0205,-4.8756,-5.6116,-0.1231,-9.8178,-7.0489,-9.8799,-4.4869,-4.7855,-3.6316,-9.3639,-7.0724
P05326,270,-9.1776,-10.1423,-9.9323,-9.4655,-11.1029,-8.4223,-0.0025,-10.9978,-9.0521,-9.5375,-10.6670,-8.0382,-9.0160,-7.4927,-7.7440,-9.1326,-10.2608,-10.4674,-11.6518,-8.9048
P05798,36,-2.9203,-4.4073,-3.3350,-3.6835,-3.1829,-3.3714,-3.7212,-2.7525,-4.4395,-2.6643,-4.6597,-2.9894,-3.4889,-3.7868,-3.3194,-2.4608,-1.4085,-2.3788,-4.3288,-3.1460
P05798,57,-2.6153,-3.3315,-2.9741,-2.9990,-2.8920,-2.5585,-4.1644,-2.9606,-3.8979,-2.4925,-4.2736,-3.2799,-3.0323,-3.4366,-3.0331,-2.7564,-2.4198,-2.4498,-3.9091,-3.0355
P05798,72,-2.5725,-3.5386,-2.6188,-3.1038,-3.1527,-2.7087,-4.1513,-2.7599,-4.0150,-2.6146,-4.4896,-2.7468,-3.1049,-3.5977,-3.0540,-2.5173,-2.7513,-2.3817,-4.0820,-3.0231
P06132,86,-10.4059,-8.2564,-0.0008,-8.1263,-13.2388,-9.9955,-11.5487,-13.6450,-14.3754,-14.1385,-14.1283,-9.1539,-12.9212,-12.7877,-14.4773,-10.6979,-11.9257,-11.5579,-14.0691,-11.4506
P06132,164,-8.3948,-7.0893,-9.6951,-10.1238,-5.5291,-9.8269,-6.1572,-9.2797,-12.1566,-7.0014,-8.7566,-8.4458,-11.9557,-8.4646,-9.9660,-8.4229,-8.7145,-8.8560,-5.8323,-0.0125
P06132,318,-2.6981,-5.1419,-1.4119,-2.4379,-5.4186,-3.2310,-3.4297,-5.3204,-3.4956,-4.7974,-6.4151,-2.8960,-5.0518,-3.0286,-1.8866,-2.6755,-2.3374,-3.7203,-6.0900,-3.8735
P06746,70,-0.3048,-4.2360,-7.5364,-3.8952,-7.1302,-4.2803,-6.7637,-5.7777,-4.1335,-4.5327,-5.9702,-5.3782,-8.4168,-3.2810,-4.7858,-2.2856,-4.6286,-4.1341,-9.3987,-7.1425
P06746,180,-5.9427,-7.2946,-9.5720,-10.9782,-10.2234,-3.0696,-10.6518,-11.2539,-10.5898,-10.2197,-10.8046,-7.1067,-10.2192,-10.6596,-9.7642,-0.0538,-6.6208,-10.5610,-11.8887,-9.7216
P06746,229,-1.4549,-3.6032,-4.0619,-3.6124,-5.0019,-2.9454,-4.5463,-4.5156,-4.7125,-4.6400,-4.8973,-3.6883,-6.2704,-4.1037,-5.2660,-0.8804,-2.4914,-3.3849,-6.7192,-4.9484
P06746,231,-2.7320,-4.0565,-3.9496,-4.7086,-5.4668,-0.6185,-4.9739,-5.1150,-4.9229,-4.8222,-5.4686,-3.5482,-4.3197,-4.9345,-5.3871,-1.6386,-3.0200,-4.2492,-7.3944,-6.1744
P06746,256,-11.8532,-11.0332,-0.0004,-8.5179,-13.8507,-11.1275,-10.9194,-13.2398,-12.4810,-13.4151,-13.5929,-9.3620,-15.4969,-11.5416,-12.9088,-11.4121,-11.4042,-12.1264,-15.2050,-12.7119
P06746,258,-6.2166,-5.8203,-9.5889,-7.8985,-4.1497,-7.4216,-4.7123,-2.6349,-2.7576,-0.4720,-2.8856,-5.5538,-9.0848,-2.9786,-2.9215,-6.1228,-5.2324,-3.3075,-8.6109,-6.5394
P06746,260,-4.2580,-2.5017,-8.9202,-8.5862,-3.0223,-7.1928,-5.9154,-3.4418,-10.0812,-4.7983,-4.3481,-6.2466,-9.1206,-7.1900,-9.6012,-5.1233,-4.2546,-0.9652,-5.8453,-0.9380
P06746,283,-5.4067,-6.0991,-10.7581,-8.0474,-7.6384,-6.7328,-5.4168,-6.6388,-3.1848,-6.6788,-6.6374,-7.3103,-11.0585,-5.3421,-0.0773,-5.3704,-6.2255,-6.6862,-7.2809,-6.2736
P06746,289,-4.3064,-5.0044,-7.2621,-5.4600,-5.7866,-6.7077,-4.0322,-4.4961,-0.4793,-2.4865,-2.9332,-3.5621,-11.3170,-3.6298,-2.2228,-4.7013,-5.4514,-5.0707,-7.4374,-5.9679
P06746,295,-4.7008,-7.4638,-2.2565,-0.3283,-7.9990,-4.7189,-5.3271,-7.3425,-3.6163,-6.3822,-6.4743,-4.1850,-4.4012,-2.8104,-4.9002,-4.0769,-5.0125,-6.8009,-9.0879,-7.3136
P06873,207,-3.3104,-6.9621,-1.7267,-3.6097,-6.2001,-2.0918,-5.6946,-8.2303,-5.5039,-5.6537,-6.7947,-1.3445,-7.6610,-3.6078,-3.5830,-1.2753,-5.0609,-7.2183,-5.8136,-4.2447
P07751,21,-3.4927,-6.0207,-1.3799,-2.0738,-5.2697,-2.2944,-3.6472,-5.4317,-2.8030,-4.6212,-5.2450,-2.0906,-8.3094,-3.0299,-3.9383,-2.5199,-2.4345,-4.6252,-7.7260,-4.8696
P07798,122,-5.6392,-6.8850,-0.0532,-3.4331,-8.3672,-8.2876,-6.3886,-8.3762,-8.2073,-7.8998,-7.8875,-5.0522,-11.7150,-6.7303,-8.8213,-6.4705,-7.9228,-7.3251,-10.4272,-6.7173
P07900,52,-0.3378,-3.5109,-10.1592,-10.8469,-10.1004,-3.9511,-13.7192,-8.9610,-13.9580,-10.1480,-9.1197,-9.9521,-9.7833,-13.0001,-13.2700,-1.4519,-6.4295,-6.6319,-12.8939,-12.1704
P07900,63,-2.2842,-4.0128,-4.8929,-3.0942,-3.1562,-4.2378,-3.2296,-2.6932,-2.9489,-2.4559,-3.9203,-2.9484,-7.0229,-2.7901,-2.9670,-2.9964,-3.1830,-2.8309,-3.7355,-1.8047
P08200,100,-11.4347,-11.3311,-12.4599,-9.9526,-10.3256,-10.8684,-10.2863,-9.9776,-0.0035,-9.5851,-8.8265,-9.3713,-12.2264,-8.8948,-5.9117,-11.0405,-10.2887,-10.7031,-11.7777,-11.6764
P08200,113,-4.5324,-7.4355,-9.0820,-9.1020,-9.6289,-5.9245,-8.7056,-11.1599,-9.8723,-10.3867,-9.8555,-7.5838,-8.2346,-9.3369,-9.6879,-0.0173,-6.5802,-9.9617,-10.4051,-9.2356
P08200,160,-9.5045,-8.1733,-9.7789,-10.4319,-4.6563,-11.0094,-7.6881,-9.8018,-11.1407,-8.9051,-9.5012,-8.9011,-10.7607,-10.4132,-11.0054,-9.6328,-10.0205,-8.9352,-7.6430,-0.0117
P08200,230,-11.7745,-12.9873,-12.8981,-10.7809,-14.3298,-12.2598,-11.9068,-12.0518,-0.0002,-11.5435,-11.4867,-10.0150,-12.1129,-11.2235,-10.9154,-12.2222,-11.8652,-11.5991,-15.1138,-13.9950
P08263,21,-4.0546,-4.6440,-8.2107,-7.2309,-2.9892,-7.3035,-6.0239,-1.5716,-7.5565,-0.7244,-2.6455,-6.6288,-8.3117,-6.0598,-6.2930,-6.0035,-4.4862,-2.3873,-4.8179,-3.3423
P08263,23,-5.4236,-4.1165,-12.1937,-10.3759,-1.3567,-9.2797,-9.5969,-4.9660,-11.5666,-0.4337,-2.7878,-11.1373,-9.6422,-9.2586,-11.7488,-8.1779,-7.9687,-6.2029,-8.4226,-6.2935
P08263,58,-6.2407,-6.8289,-13.0819,-11.1296,-4.1346,-10.2426,-10.4785,-2.6617,-11.8141,-0.2069,-2.7120,-12.5519,-10.5294,-10.5177,-12.3880,-9.8963,-7.6995,-3.5340,-8.2430,-6.4817
P08263,75,-3.9909,-4.6416,-13.1807,-10.2240,-3.7347,-8.2216,-9.1580,-1.6066,-11.2882,-0.6628,-4.0373,-9.6674,-9.9233,-9.3142,-12.2740,-6.6321,-4.9012,-1.5949,-8.8068,-6.2479
P08581,1250,-5.6367,-5.2540,-10.3522,-7.7454,-5.5063,-8.4782,-7.4887,-4.4343,-7.0445,-2.3712,-0.1960,-6.7464,-11.1558,-5.0982,-7.6702,-5.4687,-3.3237,-4.9324,-9.0073,-5.9923
P09147,131,-1.8727,-4.3699,-4.1963,-4.8734,-4.8187,-3.2510,-3.7696,-3.7452,-4.7594,-3.9964,-4.4782,-1.7574,-1.7833,-3.4568,-4.3197,-1.7961,-2.5878,-3.1405,-6.5189,-4.8455
P09211,108,-4.7133,-5.2571,-6.9963,-6.8502,-1.8571,-5.3730,-3.9334,-4.6379,-4.7652,-3.4585,-4.4855,-4.6485,-8.0905,-5.1384,-4.0733,-4.6795,-4.4543,-4.1664,-3.9206,-0.4254
P09211,145,-3.9672,-5.8863,-6.0840,-6.7543,-6.8163,-0.0781,-6.8208,-9.5503,-5.0948,-5.9446,-7.5988,-4.7834,-6.7263,-5.7832,-6.2666,-4.5069,-4.4161,-7.5448,-9.8693,-8.3667
P09211,152,-9.8481,-11.0953,-0.0018,-6.6401,-12.7219,-9.4985,-9.7991,-13.4118,-14.3488,-12.9567,-13.7319,-8.5413,-13.3848,-11.6450,-14.4564,-10.1771,-11.0005,-10.3966,-15.0005,-11.3099
P09601,140,-9.6068,-11.6900,-0.0034,-5.8580,-12.0947,-8.5125,-11.0833,-11.7312,-14.1217,-11.7174,-12.0243,-8.9738,-15.4233,-12.1279,-14.3137,-10.5733,-11.4982,-10.3049,-14.5177,-11.6069
P09601,183,-6.3422,-7.8311,-10.6163,-8.3152,-8.4469,-6.9477,-6.3400,-6.6338,-3.3275,-5.8069,-7.3213,-7.8436,-9.9891,-4.1004,-0.0696,-6.8920,-6.6218,-6.5512,-9.4117,-8.8442
P09874,762,-2.7743,-5.1562,-3.6275,-2.9704,-3.4360,-3.6624,-4.2728,-2.2750,-2.0086,-2.0502,-3.3552,-2.9738,-4.5889,-2.6682,-2.7059,-3.0259,-3.2955,-2.8799,-5.1132,-3.3131
P0A6D3,101,-4.8151,-6.3297,-11.1265,-10.6427,-1.6437,-6.5048,-8.1160,-2.8173,-11.6354,-0.4751,-2.7302,-7.6895,-6.8317,-7.7698,-11.4312,-6.5705,-5.7059,-3.4053,-7.0808,-4.8986
P0A6L2,44,-8.6122,-9.9332,-12.5727,-11.7628,-12.4040,-8.3893,-12.4997,-9.2207,-11.3918,-11.3691,-9.7494,-8.9851,-10.9744,-12.2694,-11.4202,-4.5830,-0.0112,-9.9560,-13.7925,-13.0931
P0A6L2,48,-1.2103,-3.7888,-9.5449,-10.2175,-4.3644,-3.4237,-7.4851,-6.1077,-10.8845,-6.2206,-5.7099,-5.0100,-2.6316,-6.9060,-9.4245,-0.9783,-1.8304,-4.7100,-8.3909,-7.6035
P0A6L2,107,-8.8790,-8.8282,-11.3203,-12.0736,-2.9177,-9.6861,-7.9246,-10.4414,-12.2038,-8.9645,-9.9062,-9.1578,-11.3809,-10.3932,-11.9128,-8.9106,-9.9646,-10.1154,-7.6805,-0.0575
P0A6L2,133,-12.5030,-9.1179,-9.7908,-11.0430,-7.7997,-11.0542,-9.1208,-11.9371,-13.2034,-12.3650,-14.1842,-11.0737,-12.1216,-10.9680,-13.0841,-10.5777,-13.4594,-11.3184,-10.8962,-0.0008
P0A6L2,138,-9.7141,-9.3780,-12.4717,-12.1209,-10.0154,-9.4942,-8.6547,-11.1075,-8.5250,-9.7023,-9.6935,-10.2685,-12.3435,-9.4106,-0.0012,-9.1061,-9.9053,-10.6389,-10.4134,-10.0692
P0A6L2,161,-12.8737,-13.4549,-11.1972,-9.4150,-14.0034,-11.1528,-12.7604,-12.0577,-0.0003,-12.1864,-11.4252,-10.1516,-14.3084,-11.0549,-9.9274,-12.1701,-11.6020,-12.2896,-14.7462,-12.8195
P0A884,48,-3.0935,-4.8247,-2.0582,-2.2307,-4.0529,-2.4393,-3.1604,-4.1842,-2.7785,-3.7701,-4.8523,-2.7406,-2.5134,-3.0523,-2.7827,-2.4865,-2.8051,-3.8105,-4.7340,-3.6123
P0A884,94,-2.8405,-4.4790,-2.6853,-2.7517,-2.8593,-2.9735,-3.5935,-2.8562,-2.8730,-2.5400,-3.8487,-3.1755,-2.6861,-3.5009,-2.9467,-2.7572,-2.7447,-2.8832,-3.7199,-3.0451
P0A884,126,-2.9953,-4.1184,-2.6676,-2.6839,-3.5831,-2.8864,-3.3046,-3.4384,-2.2032,-3.0581,-4.6473,-2.9980,-2.6302,-2.7095,-2.5206,-2.7843,-2.7867,-3.1546,-4.6874,-3.4299
P0A884,167,-2.9041,-4.1598,-2.1776,-2.6164,-3.2686,-2.2267,-3.0246,-3.5367,-3.4296,-3.0718,-4.1244,-2.7765,-2.8193,-3.2662,-3.0300,-2.6676,-3.0957,-3.3342,-3.9433,-3.0656
P0A884,235,-3.0628,-4.3451,-2.6600,-2.8029,-3.1944,-3.4730,-3.2942,-2.7359,-2.6937,-2.1337,-3.5771,-2.9145,-3.1253,-3.1554,-2.8462,-3.0575,-2.7877,-2.8047,-4.2372,-3.2346
P0A953,328,-10.7569,-11.2025,-12.8466,-9.6360,-12.3537,-11.2242,-10.1921,-10.9706,-0.0008,-10.8074,-10.1613,-9.4636,-12.9337,-9.0006,-8.6376,-9.8672,-9.5856,-11.3924,-14.5171,-12.3100
P0ABE7,91,-6.2376,-7.5842,-10.9908,-10.8680,-10.1567,-7.1931,-11.4434,-9.4634,-11.0927,-9.8628,-10.6033,-8.2791,-9.1357,-11.2580,-10.6653,-0.0099,-5.1369,-9.0858,-12.0280,-11.0072
P0ABE7,154,-2.7766,-3.8877,-2.6435,-2.5474,-3.8685,-2.2516,-3.4245,-3.5915,-3.3047,-2.9096,-4.4335,-1.7314,-2.9000,-3.3301,-3.7000,-2.8615,-3.1295,-2.9171,-4.5714,-3.8824
P0ABQ4,37,-6.1698,-7.6050,-3.6594,-5.1172,-7.8168,-0.0862,-5.4373,-10.6001,-5.1967,-7.4240,-7.7377,-3.7641,-8.7471,-5.5278,-5.3807,-5.7379,-6.7672,-9.1739,-9.0261,-7.8031
P0ACT4,82,-3.2728,-5.5548,-2.9780,-2.5883,-2.8730,-3.5694,-2.5923,-3.6740,-4.6080,-2.8394,-3.5761,-2.6837,-7.2795,-2.3056,-3.0872,-2.5727,-2.5441,-3.4105,-3.1677,-2.2394
P0ACT4,147,-3.3891,-7.9486,-1.6875,-0.5359,-4.8293,-4.4772,-4.2494,-5.4425,-6.3669,-4.1452,-5.0060,-4.4703,-7.0882,-3.0730,-4.8504,-3.7732,-3.9659,-4.6916,-5.0828,-4.6151
P0AD64,69,-2.3244,-2.7481,-5.3055,-3.9890,-4.1264,-5.6226,-4.4491,-5.6955,-5.0022,-2.0738,-0.7487,-3.9523,-8.5385,-2.2682,-5.5604,-4.1553,-6.3493,-5.5195,-4.0161,-4.8042
P0AD64,70,-8.6204,-9.4302,-11.5313,-13.8899,-12.4779,-7.7436,-12.8416,-13.5602,-14.3962,-12.1669,-13.3040,-10.4043,-13.1104,-14.0959,-12.0564,-0.0009,-8.7653,-12.8530,-13.5670,-13.3354
P0AD64,130,-7.0871,-7.9026,-9.7340,-12.4108,-11.2591,-6.3757,-10.1488,-11.7818,-14.8495,-11.3079,-11.3383,-8.1889,-11.3116,-12.2011,-11.9416,-0.0036,-8.6302,-11.8038,-12.4810,-11.5899
P0AEG4,32,-2.0918,-10.8054,-7.6511,-8.5809,-6.2728,-3.3221,-0.2228,-8.8965,-10.0026,-10.0531,-9.3479,-5.2633,-4.5018,-7.2029,-9.7747,-4.5749,-5.8723,-7.1035,-7.8599,-5.1290
P0AEG4,58,-4.3054,-12.3014,-7.3519,-5.2712,-7.2323,-4.7718,-4.5978,-8.0837,-2.9700,-6.6382,-6.7507,-4.9496,-6.3169,-3.2195,-0.2101,-3.3959,-4.6089,-6.5454,-7.8162,-5.9055
P0CG48,16,-3.9493,-8.0076,-0.9104,-1.0963,-7.0150,-4.9357,-5.3485,-6.6773,-4.3797,-5.8871,-6.4091,-2.6630,-4.5729,-3.3331,-6.0232,-2.9353,-3.2827,-5.7311,-8.8885,-7.2866
P0DJL7,20,-2.5479,-5.2053,-2.6129,-1.7078,-5.6099,-3.3368,-3.5082,-4.0992,-3.2728,-2.9058,-3.9983,-2.9992,-6.9242,-2.0011,-2.4317,-2.2843,-2.9475,-3.4566,-7.2115,-5.4031
P0DTD1,10,-2.5284,-4.5296,-2.6865,-2.5514,-3.0802,-3.0312,-4.0343,-2.8575,-3.2392,-2.4035,-3.8636,-3.0683,-2.5644,-3.2408,-3.3853,-2.6803,-2.7637,-2.6184,-4.5132,-3.4587
P0DTD1,15,-3.1599,-5.3929,-1.4507,-2.0735,-5.4959,-2.9490,-3.6808,-6.0222,-2.7122,-4.4893,-5.2115,-2.2466,-2.9573,-2.8211,-2.9798,-2.2209,-3.4133,-5.2489,-6.3386,-4.6946
P0DTD1,21,-3.5612,-3.9619,-2.7675,-2.8217,-3.7071,-4.2506,-3.1405,-3.1167,-2.3305,-3.1890,-4.0711,-2.6157,-4.9175,-2.5518,-2.4519,-2.5157,-2.1789,-2.5263,-4.9132,-3.7907
P0DTD1,28,-3.7931,-3.3375,-3.4622,-3.8529,-3.0081,-3.8456,-2.8494,-4.3647,-4.8433,-3.6951,-4.5353,-2.5352,-4.0664,-3.6345,-4.2558,-1.6558,-1.4077,-3.8727,-3.7935,-2.4232
P0DTD1,47,-2.0132,-4.7960,-2.4210,-2.3191,-3.8068,-2.6426,-4.0479,-3.5157,-3.2185,-3.0043,-4.0441,-2.7807,-3.0668,-2.8764,-3.1749,-2.5822,-2.5751,-3.1566,-5.2748,-4.0673
P0DTD1,54,-2.3719,-3.3233,-3.1784,-3.4513,-2.9863,-2.4641,-3.9434,-3.0435,-2.9654,-2.7743,-3.8925,-2.9522,-2.5620,-3.5716,-3.0399,-2.8195,-2.7995,-2.4780,-4.7559,-3.1688
P0DTD1,72,-2.8137,-4.2636,-1.9944,-2.5791,-3.9565,-2.4041,-3.8319,-3.6132,-3.1022,-3.3947,-4.3832,-2.5069,-2.6610,-3.1914,-3.5028,-2.4559,-2.4757,-3.0230,-5.2199,-3.9994
P0DTD1,89,-3.1950,-3.3070,-4.8621,-4.7777,-2.3693,-3.8328,-4.3439,-2.2325,-4.0252,-1.4290,-3.3583,-4.6981,-3.5879,-4.6400,-3.5932,-3.6656,-2.9290,-1.7513,-4.4579,-3.2061
P0DTD1,90,-2.6433,-4.4487,-2.1393,-3.0297,-3.8317,-2.6239,-3.7023,-3.8227,-2.7517,-3.0736,-4.4501,-2.4833,-2.0387,-3.2997,-3.2256,-2.7255,-2.7713,-3.1169,-5.3573,-3.8517
P0DTD1,113,-2.4896,-3.7625,-3.7846,-3.2735,-2.6574,-3.2702,-3.2649,-2.8776,-3.0359,-2.2950,-3.1659,-3.2823,-4.0723,-3.1825,-3.1145,-3.1308,-2.7744,-2.4202,-4.5172,-2.3717
P0DTD1,115,-2.5533,-3.7285,-4.2394,-3.7952,-2.6484,-3.6026,-3.7583,-2.2152,-3.8339,-2.0166,-2.8836,-3.8637,-4.1610,-3.6612,-3.7563,-3.2111,-2.7349,-1.8365,-4.4011,-2.8545
P0DTD1,132,-3.6484,-4.8696,-1.6526,-2.4896,-4.6589,-1.9254,-3.5676,-5.2551,-3.1162,-4.3010,-5.0287,-2.1080,-2.8976,-3.1831,-3.1191,-2.4529,-2.9195,-4.5886,-5.3605,-3.8413
P0DTD1,135,-2.9582,-3.9175,-3.6936,-3.2834,-2.8370,-3.6074,-3.7443,-2.4641,-3.1034,-2.0015,-3.0217,-3.4578,-4.1356,-3.2501,-2.9903,-2.9728,-2.4852,-2.2637,-4.1942,-2.9457
P0DTD1,144,-3.1548,-3.7732,-1.7650,-3.3312,-2.6199,-4.3180,-3.4397,-3.2418,-5.4815,-2.0844,-1.8687,-3.5823,-6.3702,-3.0919,-5.0321,-2.8535,-3.2797,-3.0506,-3.8134,-3.1915
P0DTD1,145,-3.6851,-0.6446,-5.0339,-3.4240,-5.6851,-4.6064,-6.2344,-5.6933,-6.6656,-5.2560,-5.8210,-5.4063,-4.9482,-6.1438,-5.9742,-1.0628,-4.5738,-4.9315,-6.9270,-5.9871
P0DTD1,163,-2.5543,-3.8452,-3.2294,-2.9224,-3.2255,-2.0429,-2.9842,-3.2576,-3.4197,-2.7421,-3.4385,-3.2059,-3.4293,-3.1095,-3.3254,-2.5138,-2.7161,-2.8307,-4.1048,-3.1306
P0DTD1,164,-2.5615,-3.4413,-3.3393,-3.2379,-2.8842,-2.3619,-3.6124,-2.7888,-3.9312,-2.5027,-3.2071,-3.1755,-4.2497,-3.4640,-3.5191,-2.4133,-2.5503,-2.3212,-4.3211,-3.2312
P0DTD1,165,-2.4102,-3.7955,-3.3149,-3.5706,-3.4381,-1.2804,-3.7980,-3.4458,-3.8578,-3.1058,-3.8853,-3.2020,-3.4375,-3.6686,-3.4899,-2.3723,-2.8583,-2.9801,-4.5059,-3.4682
P0DTD1,166,-2.5932,-4.2465,-2.6427,-3.0860,-3.4271,-2.2539,-3.6476,-3.1434,-3.3921,-2.7076,-3.5862,-2.7177,-2.8253,-3.1618,-3.3010,-2.5229,-2.6259,-2.7615,-4.5429,-3.5612
P0DTD1,172,-2.5485,-3.4853,-3.6495,-3.7806,-2.5076,-2.7423,-4.0044,-2.4591,-3.8262,-2.1834,-3.1063,-3.2491,-3.1807,-3.7639,-3.6857,-2.7739,-2.7568,-2.3495,-4.1865,-3.0298
P0DTD1,173,-2.8769,-3.4400,-3.5818,-3.7096,-2.5195,-2.8564,-3.6299,-2.5053,-3.7921,-2.4073,-3.3404,-3.3634,-3.3614,-3.6638,-3.3813,-2.6674,-2.6788,-2.3147,-4.0185,-2.5090
P0DTD1,178,-2.7147,-3.8632,-2.8179,-3.3234,-2.7095,-2.9266,-3.8396,-2.7962,-3.4859,-2.3394,-3.6288,-2.9102,-3.0390,-3.4688,-3.1144,-2.5434,-2.5507,-2.6780,-4.1675,-3.1690
P0DTD1,190,-2.1824,-4.4000,-3.4452,-3.2314,-3.2036,-3.1481,-4.1694,-2.4680,-3.2446,-2.0992,-3.4506,-3.1457,-2.9082,-3.1566,-2.9478,-2.9624,-2.7845,-2.5149,-4.4271,-3.5890
P0DTD1,260,-3.0086,-4.6080,-2.5029,-3.1408,-4.1608,-2.9389,-3.7984,-4.2546,-3.0068,-3.5998,-4.4999,-2.2948,-2.2230,-3.2166,-3.0755,-1.7486,-2.1835,-3.8053,-5.5360,-4.2422
P0DTD1,283,-2.5439,-4.0929,-2.9816,-2.4951,-3.4965,-3.1048,-3.7326,-3.1961,-2.8645,-2.3426,-3.5926,-2.9734,-2.9386,-2.8333,-2.6277,-2.6924,-2.8016,-2.9867,-4.7551,-3.5642
P0DTD1,284,-2.6129,-4.0468,-2.9233,-2.8361,-3.4781,-3.0306,-3.6704,-3.1316,-2.4979,-2.5149,-3.4091,-2.8002,-3.3172,-2.7234,-2.5150,-2.8595,-2.8612,-2.9535,-4.6565,-3.4237
P0DTD1,301,-2.8256,-3.6654,-3.2502,-3.2679,-2.4049,-2.6022,-3.8086,-3.0474,-3.4410,-1.9348,-3.4578,-3.1278,-3.0294,-3.4053,-3.1513,-2.9278,-2.7808,-2.8473,-4.6386,-3.1026
P11041,13,-3.0847,-4.7090,-2.8171,-2.9564,-2.9805,-2.9893,-3.9423,-2.5789,-2.9018,-2.6297,-4.2331,-2.5738,-3.8620,-3.5039,-3.0279,-2.2656,-2.7481,-2.7488,-3.9935,-2.6655
P11172,281,-12.3762,-12.7792,-13.0613,-9.3743,-14.2261,-11.6818,-12.6342,-11.4904,-0.0006,-11.3130,-10.3128,-9.8265,-13.9853,-9.5138,-8.2445,-11.4251,-11.1863,-12.2781,-14.3655,-13.4911
P11172,283,-8.4607,-8.2484,-7.4935,-8.0262,-9.4881,-7.0960,-0.0661,-10.5922,-7.2692,-8.6235,-10.0345,-3.5837,-7.0792,-4.1950,-4.2307,-6.5642,-8.0208,-9.9184,-9.8421,-7.3536
P11172,312,-11.9413,-8.8084,-0.0003,-10.0055,-13.2936,-10.1087,-12.4522,-13.5703,-13.7189,-14.5852,-14.9395,-10.3879,-14.4377,-14.3035,-14.4797,-12.2515,-13.0515,-12.4359,-15.0446,-11.9192
P11172,313,-9.6320,-10.2914,-13.0234,-12.0803,-13.4245,-9.2275,-9.8346,-13.2638,-8.0362,-11.9277,-11.7089,-11.7779,-13.8451,-9.4014,-0.0007,-10.4736,-11.3409,-12.7091,-11.6301,-12.4783
P11172,317,-10.2349,-11.8977,-0.0007,-8.2599,-12.7176,-9.5708,-9.7264,-13.7904,-12.3979,-13.2788,-13.5083,-8.6392,-13.4423,-11.8522,-12.4406,-9.9270,-11.9125,-12.6358,-13.5455,-11.3954
P11172,321,-6.1686,-7.3683,-9.9673,-9.5965,-9.8093,-8.2558,-10.4906,-5.1726,-9.7546,-7.0136,-6.7156,-7.2565,-9.9371,-9.4104,-9.6958,-3.7568,-0.0448,-4.7715,-11.0126,-10.7928
P11309,250,-2.2205,-4.2516,-2.7178,-2.2578,-4.6804,-3.8534,-3.0345,-5.6886,-2.7225,-3.4141,-4.5242,-2.2952,-7.8562,-2.4988,-2.0191,-2.0623,-3.0486,-5.0489,-5.7161,-4.2124
P12493,12,-2.8423,-4.7962,-3.3599,-3.0951,-2.8657,-2.9955,-3.7233,-2.8875,-3.2547,-2.4006,-3.9025,-3.3133,-2.1723,-2.9364,-3.0689,-3.1251,-2.9269,-2.6558,-3.0815,-2.9242
P12493,18,-1.9148,-5.5003,-2.5219,-1.6932,-4.2469,-3.0239,-3.8571,-3.6510,-2.8320,-3.2268,-4.1473,-3.2632,-4.0464,-2.7383,-2.9313,-2.6239,-2.9200,-3.3411,-4.9087,-4.0798
P12497,185,-2.6663,-4.0967,-4.9899,-3.9386,-2.1477,-4.6365,-2.5704,-3.1130,-3.7475,-2.4146,-3.6198,-3.2761,-5.2691,-3.9076,-2.3724,-3.6565,-1.8752,-2.7155,-3.1738,-2.8655
P12955,202,-0.8883,-2.5446,-3.4345,-5.3874,-5.9609,-2.7839,-5.6904,-4.5712,-7.5851,-4.6224,-4.4847,-3.2950,-8.0551,-5.2159,-7.3672,-1.8366,-2.1043,-3.0667,-7.5136,-6.3515
P13254,116,-2.0598,-3.1521,-4.3583,-4.5197,-6.5330,-0.8890,-5.0453,-6.1013,-6.3706,-5.9117,-6.0486,-4.1646,-2.1918,-5.1318,-4.4014,-1.6891,-3.3298,-4.7403,-6.2514,-6.4854
P13513,305,-9.8553,-8.1309,-10.4005,-10.8090,-4.1297,-9.8953,-6.1726,-9.9527,-10.6039,-7.7818,-9.0722,-8.4925,-10.2166,-9.2574,-8.7126,-8.8259,-9.5953,-9.8268,-6.7102,-0.0214
P14174,46,-2.0677,-4.6212,-5.1630,-4.1327,-3.9980,-4.6733,-4.2272,-3.3574,-4.2038,-2.9944,-1.2669,-4.5431,-1.8720,-2.6782,-3.1133,-3.3777,-3.4320,-2.7540,-6.1974,-4.7827
P14174,62,-3.0979,-5.7809,-4.9634,-4.0990,-3.5697,-4.1378,-3.2847,-3.6266,-3.2405,-3.4434,-3.4424,-2.8765,-8.3783,-2.6971,-2.2394,-1.8617,-1.6065,-2.9243,-3.4647,-3.0906
P14174,63,-2.5651,-4.2462,-6.8021,-7.6842,-7.0844,-4.0714,-6.4552,-7.8203,-8.9986,-6.4796,-6.3703,-5.2355,-8.3136,-6.9941,-8.6193,-0.1622,-3.7192,-6.6722,-7.7963,-6.8362
P14174,66,-1.6350,-6.6363,-4.0952,-2.8983,-6.4342,-2.9372,-4.6890,-4.9926,-1.9639,-3.4657,-4.2340,-3.5635,-4.8452,-2.1325,-1.9848,-2.4894,-2.7715,-3.3366,-8.0664,-6.3475
P14174,97,-3.0258,-5.2069,-3.1878,-2.9614,-4.4131,-3.9410,-2.3080,-4.4072,-3.7861,-4.1084,-4.8285,-1.3934,-9.4504,-2.1670,-3.2103,-2.3159,-2.2034,-3.7183,-5.5188,-3.8116
P14174,98,-9.2062,-7.8239,-13.1035,-12.3888,-0.0681,-11.0962,-7.3259,-4.7915,-12.6532,-4.3220,-6.4360,-10.4135,-10.3394,-9.9685,-11.6107,-9.4939,-8.8198,-6.2444,-7.0467,-3.2615
P14174,99,-2.7502,-4.5935,-4.0761,-3.8748,-2.5517,-4.0802,-2.6461,-2.7282,-5.1697,-2.8519,-3.5311,-2.5538,-7.4535,-2.3225,-3.9272,-2.3814,-2.3533,-2.2183,-5.2468,-2.7061
P14174,102,-2.3118,-8.4463,-1.2802,-1.4838,-8.4929,-4.3797,-5.9661,-7.9268,-6.4808,-5.5895,-6.9173,-5.1064,-1.1514,-4.3790,-6.7810,-3.5702,-4.9095,-6.0666,-9.7013,-8.4524
P14174,110,-3.4919,-6.3711,-5.4256,-5.6409,-7.6526,-0.0781,-6.3792,-10.3672,-5.9951,-7.6863,-7.1333,-4.7889,-9.7575,-5.6806,-5.7382,-4.4135,-7.0325,-8.3760,-8.8487,-7.2956
P14174,111,-2.8907,-5.6528,-3.3868,-4.7427,-7.4145,-2.5465,-5.6149,-6.6694,-5.7838,-6.2972,-5.6947,-3.5336,-7.4524,-4.4326,-5.7618,-1.2063,-0.7851,-5.2417,-8.8156,-7.3343
P14324,204,-8.6650,-6.6348,-10.4046,-11.4411,-6.9496,-8.5284,-7.2713,-10.1388,-12.0956,-8.8180,-10.2235,-8.1030,-10.5505,-9.2721,-11.4243,-6.9238,-8.6946,-10.0678,-9.2718,-0.0053
P14489,67,-6.7335,-6.0385,-7.4407,-8.5926,-8.2324,-6.4126,-9.0799,-9.2535,-8.6659,-8.9243,-9.8524,-7.2730,-10.3578,-10.5951,-8.9881,-0.0088,-7.3483,-8.6352,-10.0051,-8.5538
P14769,314,-8.5302,-8.4872,-9.7271,-9.4558,-7.0623,-7.0543,-6.7449,-9.4932,-7.3216,-7.8748,-8.3706,-8.6847,-10.0755,-8.3450,-7.1774,-8.1364,-9.3307,-9.4047,-0.0070,-7.6326
P14769,316,-7.9187,-9.5077,-0.0299,-3.7229,-9.1683,-7.1137,-7.3935,-9.1402,-10.6270,-9.2783,-8.9107,-6.6377,-12.2580,-7.9589,-12.2234,-8.9317,-8.5768,-7.4212,-9.7918,-7.9696
P14769,317,-9.0693,-11.8114,-6.3461,-0.0028,-12.8827,-9.6934,-11.5438,-11.0952,-8.1708,-11.5236,-10.0924,-10.9745,-11.6750,-8.6586,-12.6060,-11.8209,-11.3806,-8.2664,-12.6989,-12.4027
P15034,243,-11.9193,-13.1022,-11.2765,-12.9634,-11.7509,-11.5261,-0.0002,-12.9194,-12.7215,-11.5811,-13.6351,-10.2926,-11.8967,-10.2521,-10.4519,-11.2869,-11.6118,-12.6339,-13.5088,-10.2989
P15034,361,-11.5207,-11.0886,-10.8401,-11.4567,-11.8468,-11.3267,-0.0006,-13.0730,-12.2165,-11.4071,-12.1968,-9.1996,-11.3299,-8.7464,-9.3143,-10.5904,-11.5649,-12.4006,-12.4909,-9.8606
P15121,4,-3.0350,-5.3501,-7.5398,-5.5969,-3.7420,-5.7256,-5.4752,-1.5277,-4.5715,-1.9195,-4.2310,-6.5975,-4.6796,-4.8711,-5.3956,-5.1629,-2.6991,-0.8696,-7.3233,-4.8854
P15121,300,-3.0618,-4.6317,-1.6727,-3.3561,-3.7910,-2.8969,-3.9155,-3.8896,-3.7528,-3.4623,-4.3305,-2.7843,-1.3964,-3.4319,-4.0680,-2.6264,-3.2247,-3.5042,-4.0492,-4.1089
P15121,301,-3.0769,-4.5701,-1.6950,-2.2478,-2.9877,-2.8683,-3.6924,-3.8844,-3.5171,-3.0683,-3.9018,-2.8299,-2.6962,-3.2833,-4.0111,-2.5694,-2.9000,-3.6364,-3.5772,-3.2904
P16083,46,-9.1023,-8.5138,-12.0795,-12.0975,-0.0746,-10.3510,-8.4110,-7.0126,-11.6306,-7.0692,-7.4292,-10.5543,-10.5795,-10.6651,-11.1836,-9.2481,-9.9120,-7.8201,-2.8387,-4.6220
P16113,42,-3.0071,-3.5276,-7.5323,-7.2094,-2.3164,-5.4977,-5.3114,-3.1788,-6.3537,-3.2384,-3.0425,-6.0455,-8.4701,-5.8595,-6.1764,-3.8917,-3.6583,-2.5460,-0.6969,-2.9617
P16113,46,-1.8419,-3.0954,-7.4583,-4.9448,-1.2073,-4.1963,-4.7426,-3.4770,-6.8438,-1.6795,-2.2985,-6.1703,-7.5937,-6.2074,-7.0569,-4.2429,-4.0552,-3.3448,-3.9711,-2.8891
P16113,47,-2.3593,-3.5247,-5.3656,-3.0971,-4.2476,-3.8294,-4.3448,-3.4300,-1.3096,-2.2648,-4.3462,-4.3274,-4.2179,-3.2347,-2.5729,-3.0025,-2.4362,-2.8253,-6.6652,-4.0899
P16442,302,-7.6964,-9.7052,-0.0429,-3.3192,-9.7421,-6.6697,-7.0061,-10.0724,-10.2779,-9.3473,-9.5382,-7.0232,-11.6957,-8.1663,-11.4660,-9.4737,-9.1399,-6.7541,-9.8561,-8.4945
P16442,303,-9.8322,-12.6128,-5.3028,-0.0060,-13.5634,-9.9068,-11.3183,-11.6075,-7.9425,-12.0886,-11.0519,-10.3604,-12.2931,-7.9626,-12.5222,-11.6230,-11.4972,-9.6774,-13.3328,-12.9886
P18031,19,-3.8296,-6.1154,-4.0779,-0.4068,-6.1812,-5.3097,-5.4686,-5.1417,-4.0493,-3.4727,-3.8645,-5.7280,-7.4559,-1.7425,-5.1258,-5.1062,-5.2444,-4.7878,-7.4574,-6.3732
P18031,78,-3.2171,-5.3505,-3.4856,-2.4312,-7.2047,-2.8392,-4.2335,-6.2944,-1.7649,-5.1151,-5.9169,-2.7881,-1.5687,-1.9620,-3.4633,-2.2268,-3.7628,-4.9293,-8.2480,-7.1247
P18031,179,-12.5330,-8.8980,-14.7690,-13.9253,-8.4107,-10.4813,-11.7624,-12.3597,-12.1955,-9.3914,-11.8063,-12.7268,-11.8489,-11.8718,-9.3834,-10.3238,-12.4515,-11.5897,-0.0007,-9.9515
P18031,245,-8.9999,-7.3269,-0.1064,-5.9922,-10.6253,-8.2632,-6.8938,-9.8472,-8.6288,-9.6261,-11.3066,-2.4212,-8.8871,-8.6085,-9.6408,-5.0424,-8.7070,-9.5174,-11.8913,-9.1286
P19120,175,-9.8109,-14.4967,-8.1651,-0.0009,-14.8546,-9.0288,-12.3078,-10.6499,-9.2468,-14.4400,-12.7736,-10.9153,-13.7218,-8.7644,-13.4200,-12.4312,-9.6243,-10.0472,-16.9115,-13.8299
P21816,46,-3.3551,-7.4116,-1.6374,-0.5350,-7.3411,-5.1627,-4.5970,-5.9310,-3.1767,-4.8220,-6.3085,-4.5464,-3.8339,-3.2270,-4.0786,-4.6527,-4.8436,-5.1772,-8.7302,-6.4591
P21816,60,-9.8005,-8.1727,-11.2337,-10.9838,-11.4249,-9.8607,-7.6725,-10.9097,-6.8563,-9.7903,-10.4040,-8.7573,-12.7710,-7.8354,-0.0029,-8.7223,-9.6253,-10.3283,-10.2415,-10.5535
P21816,157,-12.8949,-9.7983,-13.1854,-14.0193,-6.1300,-12.6060,-9.2776,-11.1148,-13.0870,-9.8784,-11.6326,-11.2971,-11.6753,-11.9877,-11.7842,-11.0253,-12.2673,-12.1844,-9.6225,-0.0025
P21816,164,-5.0910,-0.9318,-8.0799,-7.8641,-3.6449,-6.5434,-6.0525,-4.6672,-7.1335,-4.0102,-0.7152,-6.1335,-8.2430,-6.2985,-6.8354,-5.1153,-3.9619,-4.2676,-6.2610,-5.1731
P22364,52,-2.2237,-9.2075,-2.8453,-2.9446,-4.0521,-3.2522,-4.6140,-4.2080,-4.4174,-3.8825,-3.3032,-3.2672,-0.8636,-3.4204,-4.3165,-2.9967,-3.3337,-3.4892,-5.7413,-5.2026
P22364,98,-6.9468,-9.9968,-9.1514,-8.0036,-7.5920,-8.9031,-8.7674,-4.4691,-8.9758,-4.2338,-0.0358,-8.5985,-10.3197,-6.1658,-10.3942,-7.5508,-6.5239,-6.0416,-10.8118,-9.6142
P22629,45,-2.3019,-5.5494,-4.0530,-4.3309,-2.7920,-3.2330,-4.0023,-2.5376,-4.8363,-2.7219,-3.9186,-3.3097,-3.5301,-3.6746,-3.6164,-2.2691,-2.4755,-2.2565,-2.6552,-2.3718
P22629,54,-3.0076,-6.0537,-3.8880,-4.4102,-3.9663,-0.3243,-4.6511,-4.7480,-5.7053,-4.2103,-5.3161,-4.2194,-5.1076,-4.4792,-4.8826,-3.4764,-3.9726,-4.1752,-5.2626,-3.8018
P22830,110,-4.7681,-6.2496,-8.5822,-6.9903,-1.0664,-6.7200,-4.8011,-2.3629,-5.4929,-1.6045,-3.9819,-7.3850,-6.0393,-6.0095,-5.1816,-5.6931,-5.4667,-3.5843,-2.0932,-1.9163
P24735,223,-6.9808,-8.6455,-9.5964,-11.0053,-3.9349,-8.3720,-6.1112,-10.4824,-11.4090,-9.5816,-10.2360,-8.9311,-10.0677,-10.3432,-9.4807,-7.8885,-9.6174,-9.8326,-5.9788,-0.0270
P24941,116,-2.1549,-4.4291,-1.2494,-1.7595,-5.8026,-4.6973,-2.6433,-5.3599,-3.4934,-5.1999,-6.2255,-2.6978,-9.5787,-3.4449,-3.9617,-2.5462,-3.9959,-2.8615,-6.8284,-4.2619
P25440,363,-3.7131,-7.2188,-5.2015,-4.2868,-7.3313,-4.1570,-4.1485,-7.6730,-0.3778,-5.6826,-6.5286,-4.9000,-3.1756,-4.0970,-1.9641,-4.0047,-5.3284,-6.2896,-8.1066,-6.5071
P26281,123,-8.1328,-6.7910,-11.4303,-10.7630,-0.0454,-10.5572,-6.5004,-5.9567,-11.0677,-5.8819,-5.8463,-8.6145,-8.3820,-9.5607,-10.9722,-8.2494,-9.1030,-6.2541,-6.8913,-3.5310
P27694,100,-3.7196,-5.2834,-2.0211,-0.9974,-5.5708,-4.9022,-3.8951,-4.3892,-2.5099,-4.4536,-5.2074,-3.2469,-8.7517,-2.6657,-3.3646,-2.7463,-2.4929,-3.5184,-5.9499,-5.3628
P27695,104,-5.3880,-5.5044,-10.4354,-9.7642,-1.4654,-8.9116,-7.2680,-2.2232,-8.9816,-0.5996,-3.7610,-8.8715,-6.9696,-7.7987,-8.3789,-7.7241,-5.9810,-2.6959,-6.0579,-5.4546
P27695,138,-1.9754,-7.1105,-4.5826,-2.0884,-7.3903,-5.4437,-5.5993,-6.2825,-1.5584,-4.0101,-6.0524,-5.1307,-1.1538,-3.1722,-2.9730,-3.6542,-3.3441,-4.7457,-8.6249,-7.6886
P27695,148,-3.8042,-4.1680,-3.4308,-2.8174,-5.3018,-5.0169,-4.1932,-1.6876,-3.9488,-2.0568,-3.8303,-4.4430,-5.2124,-2.6515,-3.6267,-3.3793,-2.2414,-1.4621,-6.5915,-6.3489
P27695,237,-8.6474,-7.2789,-14.1267,-10.7502,-11.2515,-10.2632,-8.4151,-7.8699,-6.4887,-6.7136,-8.6330,-11.3184,-11.2486,-6.1449,-0.0073,-9.1271,-9.3459,-8.6181,-8.3719,-10.5746
P27708,1613,-3.8484,-0.5084,-7.6343,-4.3572,-7.0199,-6.7460,-5.7367,-5.6068,-5.7067,-4.0755,-4.9846,-6.3681,-6.2019,-1.7536,-6.5434,-4.9789,-3.4159,-2.2116,-10.5099,-8.4923
P28720,95,-7.4513,-7.2656,-9.7079,-9.4632,-1.9149,-8.1923,-7.1611,-5.8930,-9.2996,-4.3796,-5.8582,-9.1838,-8.9944,-8.5605,-7.7160,-7.9256,-8.1246,-6.9576,-0.1960,-4.9013
P28720,178,-9.0875,-8.9859,-13.3528,-13.0405,-4.1192,-10.4421,-9.3285,-9.2386,-13.1819,-7.1079,-8.5141,-10.7505,-15.3584,-11.3944,-10.7202,-10.0580,-10.6594,-9.3028,-0.0203,-6.1641
P28720,262,-4.8740,-5.0158,-9.6778,-9.7463,-4.7726,-7.2830,-9.3174,-1.3377,-10.0695,-3.1001,-5.0342,-8.7284,-7.5254,-9.3589,-9.8081,-7.6067,-6.0461,-0.4191,-8.2121,-7.2292
P28720,326,-5.7261,-6.0308,-6.9090,-6.0699,-2.7480,-6.6411,-0.6669,-5.7911,-4.6112,-5.1918,-4.9972,-3.9970,-8.0338,-3.6029,-3.9392,-5.2401,-5.4707,-5.5580,-4.3978,-1.2175
P28720,330,-6.4401,-7.4597,-7.7356,-6.9498,-3.2201,-8.0829,-2.9683,-6.9070,-6.6452,-5.0301,-5.7601,-5.9586,-10.5490,-5.4004,-5.2122,-6.3968,-6.5220,-6.4577,-5.2255,-0.1391
P28720,333,-5.4995,-8.5621,-5.4330,-5.6755,-6.0213,-5.2889,-0.1225,-8.7999,-5.2202,-6.9091,-7.5804,-3.9834,-8.7106,-4.0866,-4.0583,-4.6929,-5.7990,-7.6491,-7.1630,-3.8016
P28720,339,-7.6254,-9.7738,-1.0480,-0.4689,-11.8546,-5.4279,-6.7275,-11.4288,-7.3813,-10.2755,-9.8664,-4.9311,-8.6123,-5.2726,-8.3267,-5.7971,-6.9995,-9.9639,-12.0702,-10.1000
P29474,361,-2.4678,-3.7699,-2.9559,-3.1052,-3.2046,-2.4596,-3.3520,-3.2346,-3.4836,-2.4665,-3.8733,-3.3355,-2.7919,-3.4267,-2.6746,-2.5424,-2.8281,-2.7284,-3.8437,-3.3340
P29474,370,-2.5534,-3.9815,-3.3451,-3.1455,-2.8904,-2.7939,-3.4679,-2.8601,-3.4801,-2.0702,-3.4298,-3.5784,-2.7646,-3.2952,-2.7425,-2.9542,-3.0699,-2.6479,-3.5018,-3.2495
P29476,597,-2.7236,-3.6831,-3.0880,-3.1285,-2.8347,-2.6209,-3.0895,-2.7854,-3.0838,-2.4668,-3.5328,-3.2496,-3.0736,-3.4274,-3.0215,-2.8076,-2.9543,-2.6572,-3.8780,-2.9617
P29476,598,-2.8232,-3.6243,-3.1816,-3.3323,-2.7848,-2.5900,-3.3635,-2.6081,-3.3644,-2.4030,-3.6053,-3.3640,-2.5463,-3.7303,-2.9487,-2.8099,-3.0482,-2.7233,-3.6559,-2.9777
P30074,256,-4.5670,-3.5751,-8.9007,-8.1959,-1.2274,-5.5539,-5.8844,-3.3941,-7.6186,-2.8369,-3.4436,-7.1645,-6.7196,-7.1069,-7.1096,-5.7423,-5.2401,-3.4496,-0.8702,-2.6024
P30305,492,-8.3397,-6.0743,-10.4960,-9.4926,-8.6477,-8.3196,-5.9701,-7.8598,-4.5904,-6.5608,-7.7582,-8.0462,-7.2238,-5.9322,-0.0241,-7.2350,-7.7872,-8.1497,-7.7727,-8.2331
P31013,71,-9.1797,-7.7196,-8.9441,-9.4121,-3.9705,-9.9886,-6.2203,-8.6076,-10.2200,-6.2911,-7.5063,-7.9368,-10.8550,-8.5667,-8.7706,-8.6474,-8.7661,-8.8155,-6.2963,-0.0277
P31013,205,-2.1547,-7.3906,-1.0249,-2.2474,-7.0689,-4.8180,-3.1048,-6.0198,-1.9476,-4.0289,-5.2717,-3.0564,-9.3141,-2.4966,-3.1991,-4.2600,-5.1632,-5.2335,-8.7944,-6.4639
P36639,104,-2.0021,-3.7120,-3.5365,-2.1866,-4.8032,-2.8773,-3.4935,-5.4910,-2.4933,-3.6835,-3.6474,-4.6525,-9.9991,-1.4914,-1.8117,-3.5183,-4.6318,-3.9233,-6.4486,-4.8905
P36639,120,-4.9951,-5.2034,-0.1849,-6.1725,-7.4569,-5.6452,-6.7388,-7.6602,-8.8953,-7.4398,-7.4107,-3.6181,-8.5612,-7.3328,-8.5979,-2.2127,-4.7890,-6.9200,-9.3179,-7.2994
P36649,506,-4.0491,-8.3738,-7.0780,-0.0444,-8.9477,-5.6016,-7.9420,-7.8317,-7.4629,-7.2604,-5.3444,-7.9848,-11.0979,-4.6863,-8.4124,-6.0180,-6.9285,-6.8541,-11.2134,-9.8260
P37231,473,-6.6545,-5.0382,-8.0775,-7.7836,-0.5487,-7.8454,-6.5231,-3.8571,-7.4199,-2.0768,-4.2255,-6.9736,-8.5454,-7.3687,-7.2906,-6.3509,-5.9995,-4.7468,-4.3272,-1.5063
P40859,265,-9.2568,-10.8143,-10.5556,-8.9791,-10.7507,-9.3334,-9.0411,-9.4370,-0.0098,-8.5526,-9.0371,-8.4455,-11.8597,-7.8731,-4.8464,-8.8354,-9.3044,-9.5322,-10.9284,-10.4139
P40859,269,-5.1926,-6.6943,-3.3153,-3.9654,-5.1164,-5.0132,-0.1745,-6.3764,-5.1936,-5.6151,-6.3935,-4.1172,-5.3035,-4.4603,-4.9052,-4.7278,-5.3784,-6.0299,-7.3733,-4.1291
P48499,65,-8.5992,-9.4325,-6.4362,-5.0358,-10.7669,-8.2293,-7.4510,-8.5130,-9.2649,-8.9320,-5.3206,-7.9844,-7.1841,-0.0168,-10.3155,-8.3225,-8.0059,-8.0398,-12.3130,-10.0175
P49773,84,-4.6492,-6.3771,-11.3001,-8.4845,-5.2138,-8.4431,-8.2887,-1.9083,-7.4999,-0.7376,-1.4297,-8.5937,-9.8926,-7.0071,-7.9411,-7.1510,-4.5212,-2.2884,-7.4767,-6.9814
P49773,112,-11.7862,-10.3253,-12.6131,-13.3019,-10.2371,-12.0555,-0.0008,-11.7399,-12.6651,-9.9172,-12.1798,-9.4567,-9.8393,-8.6624,-9.5306,-10.5103,-11.5321,-11.5865,-11.9766,-8.3919
P53582,309,-3.7198,-4.1946,-6.0976,-5.6340,-3.2890,-4.8159,-5.9325,-1.9322,-6.8323,-1.6302,-0.9849,-5.5861,-5.4485,-5.6251,-6.8022,-4.3733,-3.3460,-2.1107,-6.0566,-4.9024
P61586,42,-5.1263,-2.9077,-6.8630,-6.6687,-1.6783,-7.3004,-2.3206,-5.9456,-5.4073,-5.2446,-6.0594,-5.2018,-9.3390,-5.2665,-4.8682,-4.2060,-4.3159,-5.2173,-5.6712,-0.5425
P61769,59,-5.3741,-6.3501,-0.3098,-3.0021,-6.1357,-3.7399,-5.3088,-6.2878,-4.3878,-6.1396,-6.9344,-2.6121,-5.0926,-5.0425,-5.1508,-3.2045,-3.8431,-6.3197,-7.2503,-5.1607
P62593,263,-2.2976,-4.6977,-10.1495,-8.7719,-4.3368,-5.6578,-8.2983,-1.2594,-9.3081,-2.8212,-4.4953,-8.3303,-10.2512,-8.0406,-7.3650,-4.7064,-3.8693,-0.7221,-7.7046,-6.5599
P62694,94,-3.4991,-9.1378,-1.4076,-2.1389,-4.9833,-2.8048,-3.8442,-6.3130,-3.8709,-5.3797,-6.1986,-2.1730,-6.0132,-2.5931,-4.4296,-1.7306,-2.5061,-5.1627,-6.3704,-3.9170
P68082,45,-2.6569,-6.9852,-3.6724,-4.0234,-4.3755,-2.6954,-2.0990,-5.4539,-1.4472,-4.9626,-5.1165,-1.9907,-4.9088,-3.2160,-2.5552,-2.2402,-3.1965,-4.4874,-6.7952,-4.7159
P68082,64,-6.0393,-9.1107,-7.4084,-6.4243,-6.3034,-6.9085,-0.0471,-7.7366,-5.2865,-6.2190,-6.0490,-5.8908,-7.8287,-4.2720,-5.7049,-6.2650,-6.2698,-6.8774,-8.4922,-5.7719
P68082,92,-2.5922,-7.3950,-3.0576,-2.3368,-4.3619,-3.3234,-3.5608,-3.3068,-2.0240,-2.2305,-2.9483,-3.6821,-5.3359,-2.7394,-2.9409,-2.5595,-2.4089,-3.0535,-6.2851,-4.4841
P68082,93,-8.3347,-9.8222,-9.8822,-9.2531,-7.7507,-9.8653,-0.0053,-8.2199,-9.7497,-6.9489,-8.3617,-8.1208,-9.8575,-7.2048,-9.0540,-8.4792,-8.9120,-8.3608,-9.9851,-6.8775
P68082,104,-4.8459,-5.7187,-8.4280,-7.9098,-0.4045,-6.8432,-5.5054,-3.2684,-8.5307,-2.3882,-3.4973,-7.1195,-8.2757,-6.7833,-8.3062,-5.9349,-5.3019,-3.2997,-3.5500,-2.5286
P69681,168,-9.5731,-9.8828,-7.8334,-7.8340,-9.7739,-8.6475,-0.0044,-10.9376,-10.3683,-9.2412,-10.2104,-6.9898,-8.6942,-7.0607,-9.0544,-8.9574,-9.6363,-10.1301,-11.2088,-7.1605
P69681,318,-7.7963,-8.5477,-8.1098,-8.1805,-7.4651,-7.9772,-0.0110,-9.7074,-8.6408,-8.0490,-8.7708,-5.9102,-8.8213,-6.4389,-7.7135,-6.9619,-8.7109,-9.0703,-9.5464,-6.2461
P69834,149,-4.4647,-5.2010,-4.3999,-3.9316,-5.1607,-5.4976,-3.4936,-3.3683,-0.9523,-4.0500,-5.8850,-3.1764,-6.5128,-4.2397,-1.6025,-2.6499,-2.5473,-2.8875,-8.3385,-5.0506
P69834,258,-3.8539,-5.7226,-2.9089,-2.2005,-3.2000,-4.9009,-3.9978,-2.9847,-1.8584,-2.3532,-3.8567,-2.6169,-4.8911,-3.1235,-3.1821,-2.3951,-2.6549,-2.8597,-5.0023,-3.5238
P69924,122,-6.7070,-6.4104,-8.3145,-8.3073,-3.1407,-8.2566,-5.2830,-5.4129,-8.1009,-4.5199,-5.2096,-5.8308,-9.6079,-6.4723,-8.0033,-6.2533,-6.3750,-6.2449,-6.1661,-0.0895
P69924,326,-3.1060,-6.5963,-2.9298,-2.0228,-5.7421,-3.4750,-4.0488,-4.8854,-1.9802,-4.6661,-5.5629,-3.2952,-1.2242,-2.9250,-3.1820,-2.8371,-2.9954,-4.1187,-7.3011,-5.1304
P71278,186,-10.4724,-10.2094,-10.5010,-12.0281,-4.2772,-11.1372,-7.5048,-11.1913,-13.5016,-9.1061,-11.0523,-9.5850,-11.8873,-11.2962,-12.7936,-9.9508,-10.9691,-11.3630,-7.9011,-0.0153
P77444,123,-8.5535,-10.9378,-10.7975,-11.3803,-8.4629,-11.5502,-0.0017,-11.5546,-13.8380,-13.2636,-12.3845,-7.6259,-9.9994,-10.0556,-13.7857,-8.1363,-9.3539,-10.4957,-10.4394,-8.5000
P84131,77,-7.2784,-9.1187,-10.5438,-9.1937,-7.0373,-8.1355,-9.3876,-5.8258,-9.2913,-3.1540,-0.0524,-9.2830,-9.3726,-7.2398,-8.2607,-7.8770,-7.4774,-7.2485,-8.5306,-8.9479
P84131,114,-8.4588,-8.7107,-10.4683,-10.4712,-0.0317,-9.3628,-7.0174,-7.7406,-11.1277,-3.7720,-6.7895,-9.4752,-8.8341,-8.2991,-9.9638,-7.8820,-8.1942,-7.6807,-6.9548,-5.9277
P9WGR1,47,-1.6282,-5.9990,-2.5403,-1.3176,-5.1076,-2.9174,-4.2090,-4.7472,-3.7116,-3.2516,-4.3781,-3.8065,-3.5618,-2.3297,-3.2096,-3.1789,-3.4102,-3.9262,-5.1171,-5.0249
Q00511,57,-4.1918,-5.9561,-6.8793,-6.9940,-6.9177,-5.3687,-6.5207,-6.4871,-7.2229,-5.5657,-4.2344,-5.1733,-7.3233,-5.1441,-8.6581,-0.5149,-1.0798,-6.2010,-8.6918,-6.9672
Q01693,228,-7.5088,-9.3994,-10.5130,-12.3743,-10.6903,-7.3122,-13.1186,-12.2469,-13.8109,-10.1910,-11.4182,-10.0485,-9.9982,-12.3795,-11.4335,-0.0020,-7.6664,-12.3828,-12.1573,-12.2397
Q02899,116,-3.7355,-5.2129,-6.0524,-5.9857,-3.5369,-4.0224,-3.5497,-4.9319,-6.6963,-3.7995,-2.7816,-3.1524,-6.2241,-3.3691,-5.6956,-3.5891,-4.4354,-4.6687,-0.4247,-4.4259
Q05315,28,-2.9692,-4.4884,-2.8078,-2.9683,-4.0813,-2.8495,-3.3391,-4.1981,-2.3247,-3.4574,-4.5207,-2.7622,-2.0545,-3.0158,-2.4197,-2.0548,-2.9333,-3.7464,-5.1929,-3.8886
Q05315,32,-3.1612,-4.2356,-2.3958,-2.5330,-4.2772,-1.9097,-3.5363,-4.7890,-2.3820,-3.8384,-4.7219,-2.8642,-2.4701,-3.0443,-2.6135,-2.2916,-3.1155,-4.1038,-4.8452,-4.0149
Q05315,33,-3.3183,-4.0260,-2.5297,-2.6435,-3.8930,-2.4918,-3.4020,-4.1862,-2.2998,-3.5444,-4.4241,-2.4940,-2.9766,-2.8585,-2.2253,-2.3633,-2.9663,-3.8879,-4.6828,-3.5733
Q0I9X8,141,-2.2639,-7.2556,-2.0726,-2.0202,-6.1425,-3.4559,-3.7071,-4.9491,-2.3824,-4.4818,-5.0640,-2.6619,-5.0355,-2.0030,-2.4187,-2.7949,-2.5955,-3.8405,-7.3358,-5.6810
Q13153,503,-3.2147,-4.3977,-4.0647,-1.9146,-7.3619,-6.9495,-4.8806,-3.4058,-3.7945,-4.2527,-4.0109,-3.3459,-9.8799,-1.5217,-4.1231,-3.8029,-1.5767,-1.6828,-8.4042,-7.0047
Q16769,54,-2.2355,-6.4150,-3.3925,-2.5951,-4.9041,-4.1247,-3.0700,-4.5260,-2.2073,-2.6975,-4.4049,-3.5477,-4.0652,-1.7109,-2.0161,-2.5209,-3.3337,-3.7722,-5.3409,-4.7026
Q16769,160,-4.8316,-7.3187,-4.6046,-10.5830,-10.0413,-5.5174,-10.0276,-10.8202,-12.1555,-10.7437,-9.4501,-6.5216,-6.9197,-11.3962,-11.6774,-0.0272,-6.6184,-9.1448,-11.5487,-10.3489
Q16769,201,-7.5204,-10.6093,-9.1934,-0.0043,-9.2269,-9.1892,-7.0813,-12.6476,-7.8747,-9.4543,-8.9910,-9.2278,-12.8632,-6.4874,-10.3330,-8.5737,-11.0828,-11.6835,-9.9989,-9.6810
Q16769,207,-9.1153,-7.9891,-10.2421,-9.9507,-4.8054,-9.5655,-6.8779,-9.0808,-9.2862,-5.4588,-7.1378,-9.3840,-9.8166,-7.7409,-7.3058,-8.0855,-9.2748,-9.0323,-0.0211,-5.5149
Q16769,248,-9.2470,-10.2277,-0.1028,-2.3573,-11.6683,-8.2813,-8.2697,-11.1453,-10.0990,-10.8111,-11.1098,-6.4764,-11.5482,-8.0301,-10.7564,-8.8419,-9.0966,-9.6149,-11.4797,-9.4176
Q16769,305,-9.3422,-10.0530,-0.0018,-7.5099,-11.6098,-7.3225,-10.3115,-12.5260,-12.2246,-11.8611,-12.0104,-9.0864,-12.2720,-11.4140,-11.6264,-8.6017,-12.0044,-10.7863,-11.5760,-10.8067
Q16769,319,-10.4057,-9.0850,-9.6069,-10.0400,-7.8381,-10.1435,-0.0084,-12.5376,-10.3685,-8.8763,-9.2511,-6.9673,-9.5597,-5.1692,-9.0818,-8.5358,-10.4093,-11.9091,-10.0098,-8.0208
Q16790,213,-2.7365,-6.4109,-3.3723,-2.0649,-7.7587,-2.8554,-3.3506,-9.1580,-3.2048,-5.0269,-6.8722,-1.3831,-3.9880,-2.4339,-1.6419,-2.8175,-4.0815,-6.7274,-6.6705,-6.5863
Q1LCS4,27,-1.4703,-2.8538,-4.0972,-4.5441,-2.5023,-2.4085,-3.0555,-5.0954,-5.3651,-3.9228,-4.3070,-3.6961,-4.7537,-4.2274,-4.1609,-1.8697,-2.6894,-3.6609,-4.5006,-2.3052
Q1LCS4,142,-2.2290,-5.3610,-2.5956,-2.6113,-3.4682,-2.3137,-3.6151,-3.7813,-3.6213,-2.5706,-4.2580,-3.9009,-2.2113,-3.3221,-2.5655,-2.7589,-2.8895,-3.0269,-4.3679,-3.9316
Q2IU02,252,-5.5794,-10.0853,-10.1160,-9.7277,-11.0734,-7.5815,-10.4354,-8.6535,-10.8541,-9.9363,-8.8667,-6.1084,-7.8997,-9.6576,-11.4421,-3.3724,-0.0431,-7.9143,-12.4882,-11.4838
Q2QJL3,57,-6.5392,-7.4053,-9.6915,-11.2439,-11.6309,-6.5624,-10.4101,-12.2069,-11.7147,-11.4578,-11.3382,-6.8709,-7.7252,-10.9609,-10.5408,-0.0064,-6.7493,-10.3506,-13.0496,-12.0739
Q2QJL3,59,-10.0019,-10.9683,-9.1546,-9.9390,-10.1041,-11.4208,-0.0021,-11.0690,-11.4229,-10.0204,-11.5278,-8.9039,-11.2883,-6.6347,-9.9106,-10.1891,-11.3747,-9.7368,-11.6275,-9.0209
Q2QJL3,89,-9.7948,-11.4834,-9.8034,-11.1220,-10.4972,-9.1032,-0.0012,-11.2136,-12.1314,-10.1701,-11.2753,-7.8641,-10.8345,-8.7724,-10.2804,-9.8308,-10.6551,-11.1682,-12.0763,-8.9853
Q2QJL3,154,-2.6469,-5.0682,-2.8311,-1.6858,-6.0011,-3.6369,-2.1523,-5.6165,-2.7517,-4.3885,-5.5194,-2.8388,-7.2709,-2.2723,-2.0006,-2.8810,-2.5927,-4.4321,-6.2312,-4.9066
Q43758,41,-7.2753,-7.5880,-9.0645,-10.4437,-1.3695,-8.4198,-7.6626,-7.1358,-10.8174,-5.7665,-6.9052,-9.1449,-11.1285,-9.3246,-9.5324,-7.4419,-8.6393,-6.7200,-0.3146,-5.0430
Q43758,172,-2.7387,-6.6834,-3.4800,-4.0839,-3.2905,-4.3952,-2.6799,-5.8050,-2.0751,-4.1026,-5.2847,-1.7278,-7.6207,-3.0870,-1.1410,-3.2039,-4.5655,-4.2382,-6.2570,-4.8954
Q45135,200,-6.7925,-7.3470,-7.7773,-8.5071,-6.3140,-6.9124,-0.0301,-7.5254,-8.2492,-6.8794,-7.3987,-5.1860,-7.4891,-5.2631,-5.7687,-6.2994,-6.5013,-7.2457,-6.4723,-6.2585
Q45135,257,-7.7661,-8.2117,-6.9170,-8.6379,-4.2156,-8.2954,-5.6676,-9.1717,-9.7533,-8.4918,-8.1390,-5.4055,-9.6728,-7.2775,-9.0044,-6.5261,-7.0826,-8.8553,-6.0143,-0.0317
Q46822,104,-8.1310,-7.2250,-9.6204,-9.8580,-3.8224,-9.4217,-6.0213,-8.3810,-10.7543,-7.6003,-8.5766,-8.4892,-10.3512,-9.3573,-9.5776,-8.2456,-8.5453,-8.0093,-7.3198,-0.0287
Q4K977,150,-0.0802,-8.3505,-10.5930,-10.4938,-11.1353,-2.7179,-11.3104,-10.6668,-11.2708,-9.8849,-9.2030,-10.5714,-8.4985,-9.7391,-9.2956,-4.7401,-6.7295,-8.2540,-11.7889,-11.8176
Q5KW80,68,-2.8882,-5.4139,-6.7098,-7.1364,-5.1803,-0.2550,-7.9897,-3.6451,-9.6590,-2.7724,-4.7734,-5.2872,-9.1431,-7.1140,-9.5999,-4.1746,-4.3982,-3.6886,-8.6791,-6.9811
Q5KW80,69,-7.5876,-11.0879,-5.2492,-0.0114,-8.6259,-7.2204,-10.0260,-7.2366,-6.3863,-7.5714,-8.9623,-9.2567,-10.3860,-8.5500,-10.2105,-8.6467,-8.2164,-7.3105,-11.7656,-9.5508
Q5KW80,175,-5.2718,-6.7039,-7.8051,-8.1055,-0.9408,-5.9141,-3.0117,-5.4247,-7.4226,-4.5520,-5.6074,-4.7725,-6.5088,-4.4708,-6.3263,-5.1694,-5.8324,-5.5993,-5.7516,-0.7076
Q5SLD7,49,-3.4086,-5.7520,-4.9696,-3.9703,-3.8211,-5.0781,-1.8246,-3.6206,-2.5139,-2.1032,-3.4540,-4.0998,-6.3051,-1.8609,-1.6813,-4.4668,-4.0077,-3.4651,-5.2609,-2.7981
Q5SLD7,287,-6.2225,-7.4302,-8.0134,-6.9477,-3.1412,-6.1821,-5.8411,-7.7389,-7.9069,-5.6695,-6.2839,-7.2685,-9.4199,-6.0115,-8.2258,-5.3106,-7.3174,-6.9126,-0.0815,-4.6075
Q5SLD7,356,-7.1764,-8.7619,-8.5435,-8.3200,-7.5225,-8.2556,-6.0835,-6.7348,-6.1511,-5.8119,-4.8297,-7.6547,-8.0384,-6.5940,-0.0248,-7.2608,-7.3850,-6.5751,-8.2676,-7.3204
Q6NAM1,110,-10.0956,-10.9228,-0.0013,-8.1134,-12.6107,-7.4456,-10.8326,-13.2647,-10.4529,-13.6387,-12.6791,-8.5946,-15.0492,-11.6163,-12.5492,-9.1630,-11.9316,-12.1298,-14.1829,-11.4461
Q6NAM1,219,-7.8322,-7.5175,-10.5810,-11.1688,-4.1331,-9.5105,-6.1371,-8.2158,-12.6661,-6.9325,-8.3457,-8.6390,-11.3268,-9.5543,-10.4082,-8.3041,-9.0764,-8.2076,-5.9927,-0.0245
Q6NAM1,280,-10.8603,-11.6264,-10.7325,-11.7687,-10.3854,-11.1956,-0.0007,-10.5591,-10.5569,-9.5848,-10.5798,-9.8491,-10.5639,-9.1340,-8.5856,-10.4431,-11.0282,-11.2208,-12.5531,-9.8490
Q6P2Q9,1781,-2.9564,-5.0244,-2.2424,-2.6505,-3.4349,-2.7629,-4.0064,-3.2780,-2.2025,-2.8840,-4.4783,-2.7059,-2.3369,-3.5499,-3.0386,-2.7517,-2.8452,-3.3035,-4.6696,-3.5960
Q6P2Q9,1788,-2.6786,-4.3316,-2.9308,-2.5311,-3.0666,-2.5025,-3.6531,-3.0059,-2.7069,-2.5330,-4.2298,-3.0937,-3.0626,-2.9920,-3.0492,-2.7733,-2.7771,-2.9237,-4.3782,-3.2175
Q6P2Q9,1789,-2.7260,-4.6599,-2.8652,-2.4952,-3.0003,-2.6075,-3.8150,-2.8531,-2.7249,-2.4912,-4.0203,-3.1376,-3.0530,-3.2850,-2.9532,-2.7909,-2.7883,-2.8196,-4.1587,-3.2772
Q6P2Q9,1790,-2.8225,-4.5671,-2.6653,-2.7730,-2.9048,-2.6931,-3.6277,-2.6623,-2.9815,-2.4231,-4.1728,-2.9715,-2.9219,-3.4814,-3.1491,-2.7966,-2.7662,-2.7917,-4.1252,-3.1139
Q6P2Q9,1800,-2.8883,-4.9381,-2.9461,-2.7022,-2.8182,-2.5719,-4.0338,-2.3052,-2.9966,-2.1699,-4.2015,-3.2314,-3.0371,-3.5387,-3.3048,-2.9546,-2.9338,-2.5951,-4.2794,-3.2732
Q6P2Q9,1865,-2.5661,-4.7921,-3.1823,-2.6312,-3.2502,-2.5943,-3.9321,-2.7950,-2.4976,-2.3641,-4.0241,-3.4104,-2.5784,-3.3105,-3.0223,-2.9333,-2.9249,-2.7051,-4.5015,-3.3798
Q75I93,334,-2.6517,-5.3762,-1.9674,-3.1936,-2.9445,-3.4136,-3.8331,-3.5473,-2.8029,-2.9451,-4.2343,-2.8641,-2.4141,-2.9907,-3.5041,-2.8603,-2.7470,-2.9805,-4.3590,-2.6803
Q7SIB6,226,-8.2127,-11.3239,-9.5231,-9.2839,-12.2311,-8.7258,-9.4292,-11.2532,-0.0016,-10.7004,-10.0935,-8.3122,-9.4690,-10.2451,-9.7149,-8.7726,-8.7720,-10.4594,-11.2852,-10.2244
Q7SIG4,121,-5.5945,-6.3610,-0.0469,-4.9644,-5.6284,-5.0447,-5.6037,-8.8461,-8.4720,-8.6667,-8.5733,-4.8165,-10.1630,-6.8423,-8.7162,-5.1981,-7.3321,-7.8674,-8.3173,-5.8796
Q7TNG8,405,-9.6319,-8.9449,-9.3907,-9.4111,-8.4805,-10.0232,-0.0055,-9.7833,-10.0160,-8.7762,-10.2145,-6.7765,-11.2372,-6.9938,-7.8631,-8.4358,-8.9316,-9.4423,-10.3161,-6.3858
Q7Z4V5,64,-5.4991,-5.5618,-5.1388,-5.0400,-0.8691,-6.3107,-2.0157,-5.8356,-6.5871,-4.7627,-5.1800,-1.6387,-8.9015,-5.0573,-5.7976,-4.9102,-6.0417,-5.3244,-4.4875,-1.7303
Q818Z9,154,-5.9183,-7.1433,-9.2638,-10.5488,-9.7764,-6.0862,-9.5583,-9.1516,-11.2550,-9.1402,-9.2100,-6.1708,-9.2253,-9.6880,-11.1200,-0.0120,-5.7438,-9.7212,-10.7881,-9.7237
Q8P9V9,84,-1.0195,-3.7827,-6.7301,-5.8559,-6.5254,-5.2305,-4.9536,-2.0208,-2.9085,-3.8967,-4.7354,-5.7911,-9.1876,-3.9395,-2.8727,-3.7288,-3.7819,-1.3649,-7.6654,-7.6153
Q94734,30,-2.4853,-6.5140,-2.8045,-3.4143,-3.5140,-2.3487,-4.0432,-3.7585,-2.6141,-3.2423,-4.7672,-2.5895,-2.1658,-3.6889,-3.7151,-2.0745,-2.5502,-3.0749,-5.1352,-3.2189
Q94734,55,-2.7617,-7.6620,-5.4873,-4.9006,-2.1943,-4.0029,-5.1629,-1.9897,-5.5345,-1.5776,-2.9560,-5.0864,-6.0804,-4.7502,-5.7590,-4.0461,-3.1930,-1.5400,-4.6391,-2.4383
Q94734,121,-2.6188,-5.0656,-4.9434,-4.4091,-2.2762,-2.8702,-3.4670,-3.1854,-3.2032,-2.6772,-3.6664,-4.0026,-7.1638,-3.9111,-3.1361,-2.7235,-2.7213,-2.5225,-3.8816,-1.5151
Q94734,130,-3.0663,-2.4248,-3.2581,-3.1648,-3.0504,-2.9747,-4.2100,-2.7502,-2.5870,-2.9551,-4.1766,-3.3709,-4.2856,-3.5811,-3.7119,-2.6981,-2.4098,-2.2859,-4.4666,-2.3680
Q96PN6,303,-3.4208,-4.3680,-2.3159,-3.0524,-4.1550,-2.1848,-3.4719,-3.8879,-2.1134,-3.4493,-4.2314,-1.9541,-3.3518,-3.2455,-3.2704,-2.2273,-2.9169,-3.6486,-5.7538,-4.0697
Q99497,21,-4.6517,-4.7361,-8.0097,-8.8677,-6.8588,-6.8689,-9.4278,-0.1951,-12.1231,-2.9251,-4.3500,-7.1722,-9.7887,-8.1769,-12.7829,-5.9987,-4.3300,-2.6221,-10.3108,-8.1128
Q99497,24,-9.6438,-11.4381,-0.0012,-7.1793,-12.3662,-9.0607,-11.1699,-11.6990,-14.7169,-11.9971,-12.1443,-10.0915,-14.3495,-11.9587,-14.5157,-10.1968,-11.6714,-9.4712,-12.7492,-10.3692
Q99497,26,-7.5618,-6.2856,-14.6032,-12.5472,-4.7749,-10.9382,-12.6877,-5.0955,-14.2136,-0.0496,-3.5342,-13.0840,-9.6903,-11.6971,-14.1130,-9.8455,-8.5401,-6.2981,-10.0073,-9.8786
Q9BY41,39,-2.4012,-5.0270,-2.4914,-1.2561,-4.3252,-4.4746,-3.8296,-3.4834,-3.3110,-2.5342,-3.6741,-3.7436,-6.0928,-2.4974,-3.9205,-2.5823,-3.0215,-3.0545,-5.5691,-4.2897
Q9F663,89,-1.8854,-7.6562,-1.8603,-2.6398,-5.9662,-1.4970,-3.2154,-5.6846,-3.1846,-4.1022,-5.5882,-2.8252,-3.7912,-3.5365,-3.4420,-2.3933,-3.3674,-4.4168,-5.4006,-5.5702
Q9F663,166,-7.3065,-11.9143,-6.4576,-0.0060,-11.2138,-7.7481,-10.0553,-10.3641,-9.3631,-9.0767,-9.5802,-9.7685,-9.7389,-6.1005,-10.1986,-8.8842,-8.9197,-8.5318,-11.0741,-10.8057
Q9F663,274,-1.3696,-8.9680,-3.0969,-2.6001,-6.1536,-3.2790,-4.0379,-4.9492,-2.5220,-3.6009,-5.6922,-4.4833,-3.6002,-2.0642,-2.3744,-3.2506,-2.2248,-3.1955,-6.9515,-5.6860
Q9FEW9,364,-5.0760,-6.0605,-7.6965,-7.0047,-1.8456,-7.6475,-4.5506,-4.0288,-8.2512,-4.4978,-5.5848,-6.9301,-4.9357,-6.6837,-7.0384,-6.0149,-6.0508,-4.4300,-3.1729,-0.3295
Q9GZT9,294,-2.9193,-4.8978,-2.0304,-2.3211,-4.7846,-1.6246,-3.4183,-5.4052,-2.7535,-4.2537,-5.1284,-2.6043,-2.8474,-3.4681,-2.8313,-2.3479,-3.2694,-4.7102,-5.4602,-4.2881
Q9GZT9,396,-1.9023,-5.8408,-2.1765,-1.3353,-4.9248,-3.6941,-4.3478,-3.6817,-2.4919,-3.5398,-4.4379,-3.4443,-4.0139,-3.2632,-3.5670,-2.9379,-3.0081,-3.0143,-6.5512,-4.8097
Q9HB07,57,-10.0405,-9.8897,-0.0011,-8.5985,-12.5592,-7.2993,-10.6681,-13.3327,-10.8358,-13.3724,-14.9630,-10.7542,-11.8642,-11.7150,-10.8790,-10.3454,-12.1257,-11.0841,-12.4640,-11.5060
Q9HB07,93,-11.2079,-12.8424,-0.0020,-6.3407,-14.5805,-10.7373,-10.8489,-14.7482,-13.9298,-14.5908,-14.4408,-8.8024,-14.6101,-13.0719,-14.5388,-11.8618,-13.2078,-12.8573,-15.7843,-12.3271
Q9I685,449,-1.9545,-7.0025,-3.1312,-0.7861,-4.9132,-3.6352,-5.1571,-4.6754,-2.6606,-3.5958,-4.7425,-5.1423,-4.8959,-2.5448,-3.3493,-3.7264,-3.9872,-3.9610,-4.9705,-4.8585
Q9K169,176,-4.4105,-7.8828,-5.0015,-1.1169,-8.2243,-6.0306,-5.8188,-6.1828,-6.7313,-5.4362,-5.0211,-6.7299,-8.5400,-0.4831,-7.0313,-5.4429,-5.1691,-5.6192,-8.3856,-7.4288
Q9K169,213,-2.9029,-5.3216,-8.0373,-8.8663,-8.9586,-1.5659,-7.6348,-9.7659,-7.8384,-9.3134,-8.7735,-6.1757,-7.2873,-7.7690,-6.8069,-0.3305,-5.1223,-7.7287,-9.5459,-8.4248
Q9K169,223,-2.4303,-2.9743,-8.3492,-7.1112,-4.7285,-5.6131,-6.2179,-1.9481,-7.1513,-1.7664,-3.0099,-6.6382,-7.7392,-5.9909,-6.4706,-3.9853,-2.9421,-0.9205,-7.1474,-5.1964
Q9K499,325,-3.0704,-4.1855,-5.1408,-5.0338,-2.8650,-4.0508,-4.0665,-3.2209,-6.6169,-2.1139,-2.7108,-4.4771,-6.2009,-4.0638,-4.7523,-3.7262,-3.1576,-2.6001,-1.0039,-2.8229
Q9KEI9,132,-7.4529,-8.6500,-0.0133,-6.8526,-9.3807,-7.0672,-7.7582,-9.6107,-8.3419,-10.0238,-10.2426,-4.8680,-9.5900,-9.0088,-8.7887,-7.4074,-8.0095,-8.3175,-10.4303,-7.7612
Q9KEI9,188,-4.2071,-5.8667,-3.8764,-3.2123,-5.0896,-4.1436,-3.5010,-4.0425,-3.0743,-4.2791,-4.2481,-0.5139,-5.4267,-2.4997,-3.7819,-4.0807,-4.0838,-3.8444,-5.5241,-4.5447
Q9KEI9,192,-3.3908,-4.9014,-1.7100,-2.7994,-3.3737,-3.2081,-2.8315,-2.5251,-2.0614,-2.8605,-4.3998,-3.0812,-4.3062,-3.7077,-2.9320,-3.4756,-3.3001,-3.1326,-4.2419,-3.1309
Q9L5C7,231,-3.0523,-6.8761,-10.1947,-9.4880,-5.4999,-6.8244,-8.8288,-1.6835,-9.7096,-4.1970,-6.2919,-8.9857,-7.2075,-8.9878,-7.9894,-6.0734,-4.5824,-0.3167,-8.1596,-7.0163
Q9L5C8,70,-8.0010,-10.4399,-10.7720,-12.6846,-12.0831,-6.6851,-12.1484,-11.9007,-13.5097,-11.6445,-12.7102,-9.0540,-13.3104,-12.9702,-11.9884,-0.0019,-9.0816,-11.4013,-12.9618,-12.6290
Q9NAV8,9,-2.4950,-4.5419,-6.3268,-5.3974,-2.9047,-4.8328,-4.2033,-1.7629,-4.4977,-1.1614,-3.0383,-4.2883,-6.6218,-4.3898,-4.6626,-3.9913,-4.0175,-1.7773,-4.9015,-3.5297
Q9NAV8,55,-3.7465,-6.2833,-3.9092,-3.5534,-4.0044,-4.8956,-0.3960,-4.5585,-3.9627,-3.7307,-4.4185,-3.8356,-6.1777,-3.1801,-3.9493,-4.2191,-4.4534,-4.1838,-6.2743,-3.3931
Q9NAV8,59,-3.2951,-4.5727,-8.2407,-7.1522,-2.2613,-5.5418,-6.3213,-2.0783,-7.8638,-1.5935,-2.5897,-6.6070,-8.3911,-6.4894,-8.0106,-5.3355,-3.9656,-0.9477,-5.3905,-3.9928
Q9NAV8,73,-2.4406,-5.3409,-3.5084,-3.5599,-3.0364,-2.7333,-4.5355,-3.3955,-3.9405,-2.1305,-3.2430,-3.6424,-1.3225,-3.7903,-4.1861,-3.0193,-2.9819,-2.8778,-4.9740,-3.8149
Q9NAV8,86,-2.5982,-5.8296,-3.1379,-2.6410,-4.2819,-3.1547,-3.7022,-3.6358,-1.9056,-2.7209,-3.6549,-3.0422,-4.6680,-2.4810,-2.1894,-2.3755,-2.8424,-3.2986,-5.3554,-4.2402
Q9NAV8,100,-2.4211,-3.6018,-7.4427,-6.6505,-1.4449,-3.8415,-5.9292,-3.1002,-8.1880,-1.3981,-2.1645,-6.1487,-7.5059,-6.3801,-7.9749,-4.1951,-3.3292,-2.0994,-4.4964,-3.6637
Q9NPB1,41,-11.9594,-12.7516,-0.0002,-10.3724,-14.0496,-10.0369,-12.5634,-14.0383,-9.9043,-14.3577,-14.6439,-10.1984,-14.7550,-13.7777,-13.6278,-11.8675,-12.8907,-12.3927,-14.1549,-12.7108
Q9PPB4,56,-2.9431,-6.0617,-2.4634,-2.7767,-3.4584,-5.3103,-3.2018,-2.6172,-2.8240,-2.5261,-3.0442,-2.5782,-2.4008,-3.2286,-3.8884,-3.5358,-2.8905,-2.1554,-5.1600,-3.5909
Q9PPB4,59,-6.8152,-6.2586,-11.4131,-8.9653,-8.4958,-7.8785,-1.9483,-6.3404,-1.3108,-7.3310,-6.9743,-5.7800,-12.2904,-5.0336,-0.5746,-5.9089,-6.9163,-7.1032,-8.9805,-5.6344
Q9PPB4,84,-6.2139,-4.8632,-6.9648,-8.6071,-6.6511,-6.9400,-5.6604,-7.2776,-10.7091,-8.2920,-7.1618,-0.0541,-6.6534,-5.8482,-12.0175,-5.1046,-5.7501,-7.5182,-10.7611,-3.8964
Q9PPB4,88,-4.6259,-6.2598,-1.7078,-0.4993,-6.0302,-6.0709,-3.7830,-4.0207,-4.5716,-4.3367,-5.0073,-4.0588,-9.0673,-3.4182,-5.4285,-4.7995,-3.7348,-3.5965,-8.0847,-4.5886
Q9PPB4,110,-7.5431,-5.0565,-11.1132,-11.6868,-4.3291,-8.8467,-8.2038,-8.2840,-11.3876,-8.2221,-9.3146,-5.7986,-10.5219,-9.8754,-9.9688,-4.1060,-8.1176,-7.8058,-9.2858,-0.0425
Q9UGP5,543,-2.9893,-6.1566,-2.7359,-0.9774,-5.5669,-3.2419,-3.8262,-4.0037,-2.7297,-3.4856,-4.8930,-4.2665,-4.9794,-2.2596,-3.0340,-3.6451,-3.2800,-2.5648,-6.5544,-5.3895
Q9UM73,1156,-0.8124,-2.1629,-5.7983,-6.3126,-5.3841,-4.3698,-5.6573,-4.6546,-5.8667,-5.1531,-5.2340,-4.8692,-5.0074,-6.0249,-5.7183,-1.2590,-3.0152,-3.3664,-7.4668,-5.5121
Q9WYT0,53,-3.3915,-5.3292,-3.6065,-2.7867,-2.4258,-3.3365,-4.1908,-1.6652,-3.0807,-2.1422,-3.9938,-4.5241,-3.4140,-4.8909,-3.1909,-3.8839,-3.9934,-1.9768,-4.2026,-2.5533
Q9WYT0,144,-3.9796,-6.7418,-1.3455,-1.0880,-5.1641,-3.7487,-3.4232,-4.9787,-2.9505,-4.7718,-5.6990,-2.8953,-3.7952,-3.6615,-3.0518,-3.0471,-4.0099,-4.8857,-4.6891,-4.0829
Q9X0L2,14,-3.1701,-8.5190,-0.9910,-1.0077,-5.9605,-4.0890,-4.9841,-4.7603,-3.1959,-4.7033,-6.0194,-3.6257,-7.5659,-3.5054,-4.9879,-4.0776,-3.4275,-4.1173,-8.1471,-5.4374
Q9X0L2,65,-3.3029,-8.5093,-1.8805,-0.7072,-6.1137,-4.1709,-4.6146,-4.7967,-3.2326,-3.6185,-4.7891,-3.4630,-7.7531,-2.7444,-4.5946,-3.1369,-3.2256,-4.2309,-8.1234,-5.8283
Q9Y253,406,-3.3281,-3.9358,-5.8357,-4.9614,-2.3802,-4.9887,-4.0884,-1.9657,-5.2319,-1.0937,-2.0979,-4.6047,-5.5515,-4.1835,-4.9510,-3.9226,-4.1424,-2.8209,-3.8317,-2.7744
Q9Y5Y6,164,-4.1443,-9.9622,-0.6029,-2.3953,-8.3997,-4.3419,-6.4115,-8.9537,-6.6448,-6.7446,-8.4835,-2.6172,-2.4164,-4.7459,-6.0676,-1.9908,-4.0695,-7.8108,-8.6993,-7.5444
Q9ZB17,243,-4.4488,-5.8772,-0.3458,-3.9597,-5.4639,-4.9238,-4.2054,-6.1982,-6.0253,-6.4051,-7.0975,-1.9084,-6.5794,-5.5835,-6.4800,-3.4241,-4.1914,-5.7007,-7.1817,-3.9853
RNaseA,12,-2.7256,-2.8584,-4.3212,-3.7946,-2.7359,-3.6759,-4.0915,-2.7085,-2.5373,-1.9096,-2.8325,-3.2811,-4.1110,-3.0450,-3.0039,-2.9671,-3.0683,-2.5992,-4.1523,-3.1563
RNaseA,45,-2.6293,-3.0998,-3.1416,-3.2387,-3.2975,-2.4616,-4.0338,-2.9383,-2.9325,-2.9298,-3.6853,-3.0527,-3.4038,-3.3189,-3.4847,-2.4314,-2.5708,-2.3176,-4.4423,-2.9246
RNaseA,46,-2.7035,-3.1713,-3.1667,-3.2772,-3.1592,-2.8536,-4.0653,-2.9930,-2.7233,-2.9453,-3.8957,-2.8703,-3.2103,-3.2511,-3.4966,-2.6668,-2.1637,-2.5107,-4.1120,-2.8608
RNaseA,47,-2.9408,-2.1677,-3.2551,-3.2870,-3.3400,-2.8735,-3.9006,-3.1150,-2.7327,-2.9516,-3.9932,-3.0831,-3.6117,-3.2270,-3.2714,-2.5003,-2.4736,-2.6401,-4.1708,-2.7982
RNaseA,54,-2.3827,-1.9523,-3.7741,-3.9016,-3.0387,-2.4642,-4.5945,-2.4670,-3.2225,-2.3775,-3.4852,-3.4294,-3.6207,-3.6530,-3.6812,-3.1622,-3.2535,-2.3908,-4.4373,-3.3037
RNaseA,57,-2.4429,-3.4779,-3.3864,-3.1755,-2.6054,-3.5398,-3.9187,-3.0285,-2.6492,-2.7961,-3.7091,-3.5799,-4.7040,-3.1095,-3.2022,-2.6020,-2.6933,-2.8910,-3.4915,-2.0463
RNaseA,81,-2.5330,-3.0883,-3.1852,-2.9203,-3.2467,-2.8456,-4.2713,-3.1615,-2.6412,-2.5006,-3.5333,-3.2774,-3.4960,-3.2246,-3.4919,-2.3887,-2.7247,-2.7416,-4.0287,-2.7176
RNaseA,83,-2.7689,-3.0791,-2.7910,-2.5993,-3.6340,-2.4460,-3.8968,-3.5889,-2.5304,-3.3041,-3.9733,-2.9291,-3.8950,-2.9070,-3.1610,-2.3610,-2.5743,-2.9090,-4.5734,-2.9332
RNaseA,92,-2.8743,-3.5609,-2.9614,-3.5274,-2.9294,-2.9437,-3.6488,-3.2744,-2.5360,-2.8176,-4.0250,-2.5134,-3.2957,-3.2423,-3.3738,-2.5777,-2.6407,-3.0025,-4.1923,-2.2647
RNaseA,93,-2.6783,-2.9848,-3.5249,-3.5631,-3.2267,-2.2589,-4.0482,-3.4366,-2.3596,-2.9459,-3.7286,-3.1035,-2.8506,-3.1484,-3.1723,-2.6617,-2.7306,-3.0022,-4.1649,-2.6537
RNaseA,106,-2.6540,-2.6103,-3.1634,-3.1327,-3.1781,-2.6577,-3.9000,-2.9745,-2.8261,-2.7315,-3.7164,-3.0802,-3.3946,-3.1710,-3.4455,-2.7841,-2.6679,-2.4469,-4.2915,-2.9250
RNaseA,108,-2.4315,-2.3878,-3.0529,-3.1183,-3.2685,-2.7329,-3.9656,-3.2602,-2.7562,-2.8684,-3.8032,-3.2065,-3.4752,-3.1728,-3.4181,-2.7517,-2.7320,-2.6764,-4.0799,-2.7331
RNaseA,114,-2.9209,-3.5691,-2.8590,-2.7443,-4.1113,-2.5072,-3.5979,-3.8087,-1.9112,-3.6557,-4.3956,-2.5830,-3.4677,-2.6805,-2.9950,-2.4777,-2.6166,-3.0952,-5.1898,-3.5180
RNaseA,119,-2.8885,-1.6474,-3.0736,-3.1957,-3.4362,-3.0897,-4.1194,-3.1368,-2.9807,-3.0421,-4.1476,-3.1324,-3.1973,-3.4130,-3.6136,-2.6207,-2.6282,-2.7573,-4.3967,-3.0408
RNaseA,120,-2.7892,-2.2369,-3.1311,-3.2098,-3.1262,-2.7584,-3.8105,-2.9263,-2.8825,-2.7683,-3.9696,-3.3066,-2.5887,-3.4820,-3.4299,-2.6776,-2.8748,-2.5880,-4.4715,-3.2088
RNaseA,121,-2.7768,-2.9639,-2.6106,-3.1056,-3.3505,-2.8136,-3.7220,-3.1073,-2.7516,-2.7861,-4.0051,-2.8357,-2.7511,-3.2244,-3.2556,-2.4330,-2.6971,-2.7743,-4.7321,-3.4132
T4L,6,-4.1585,-7.3997,-4.7389,-3.0887,-5.8538,-5.4142,-5.4623,-4.6527,-4.0999,-1.1068,-4.0245,-4.4913,-7.3892,-0.6994,-4.9176,-5.1035,-4.4531,-5.0625,-7.9017,-5.8661
T4L,11,-10.6502,-11.2451,-7.6037,-0.0012,-11.8842,-9.6608,-10.4917,-12.0187,-9.7549,-10.9862,-11.4849,-9.8521,-13.6562,-8.2539,-10.7924,-11.0782,-10.7862,-10.2181,-12.1802,-10.5440
T4L,17,-1.9491,-6.0768,-9.7395,-7.3797,-4.3347,-6.1497,-9.4331,-1.8119,-7.9310,-1.4543,-4.0693,-9.4809,-2.5446,-8.0772,-7.9722,-6.1166,-4.9367,-1.0960,-7.3516,-6.5307
T4L,18,-9.0963,-9.3443,-8.7727,-9.0263,-7.8015,-8.8562,-6.5878,-10.0640,-9.8681,-10.2878,-11.0812,-9.2608,-13.5270,-8.5860,-9.5077,-8.9532,-9.3390,-9.3227,-8.5376,-0.0034
T4L,20,-6.7902,-2.8151,-0.0789,-6.6952,-10.6521,-6.6198,-7.2467,-9.5897,-8.6266,-9.5755,-10.2680,-5.6960,-9.1868,-8.0877,-8.9847,-5.6582,-5.7455,-8.5560,-11.0709,-7.8422
T4L,26,-8.1634,-8.8976,-10.7502,-11.4537,-11.2046,-9.9565,-11.3617,-9.6615,-10.9004,-9.3452,-9.9292,-9.1812,-10.4980,-11.3435,-10.3081,-3.7675,-0.0245,-8.5086,-12.9621,-11.0910
T4L,27,-6.2252,-6.6904,-10.5193,-8.7017,-4.4786,-9.5577,-8.7021,-0.1591,-9.5797,-3.5746,-4.6405,-9.3324,-11.5171,-8.9905,-9.2935,-9.0300,-7.1755,-2.4724,-6.7759,-4.8777
T4L,29,-4.1244,-4.9602,-8.8469,-6.7214,-2.4258,-6.8805,-6.8060,-1.4917,-8.0684,-2.9009,-4.3798,-8.0410,-7.1698,-7.7173,-7.3347,-6.8014,-5.7255,-1.9770,-3.1592,-0.9048
T4L,38,-2.7430,-7.0975,-2.3733,-3.1219,-4.9514,-2.3034,-4.1465,-4.6434,-2.7700,-4.0779,-5.1030,-2.1353,-3.5306,-3.6198,-3.7808,-1.7901,-1.7875,-3.8770,-4.8288,-3.9476
T4L,41,-1.4701,-7.9599,-2.4876,-2.0547,-5.4381,-2.6583,-5.0332,-4.1403,-2.4179,-3.7920,-5.0402,-3.2905,-4.9867,-2.6040,-3.7750,-2.6022,-2.4679,-3.4169,-5.9737,-4.7882
T4L,42,-3.0797,-5.4372,-5.5653,-5.1692,-1.2820,-5.6053,-4.5109,-3.1372,-5.1179,-1.9212,-3.3940,-5.1746,-5.8031,-4.8702,-5.5135,-4.3737,-3.3092,-2.6345,-3.7669,-1.3697
T4L,43,-3.1708,-5.3702,-5.8795,-3.6384,-4.7159,-4.1076,-4.9612,-3.3087,-0.8369,-3.3905,-4.4614,-4.5132,-5.2228,-2.5400,-1.6491,-4.2053,-4.1666,-3.2511,-5.8066,-4.0488
T4L,44,-0.9887,-8.0484,-3.3301,-3.3137,-6.4206,-3.9285,-5.5275,-3.4366,-2.2789,-3.8596,-5.4269,-3.3093,-3.4315,-3.0051,-3.0600,-3.0584,-2.2566,-2.9843,-7.9715,-6.0979
T4L,46,-3.7912,-5.5473,-9.3593,-8.0394,-1.4142,-6.4720,-5.3004,-2.3467,-7.9618,-2.3159,-4.2342,-7.7289,-9.2740,-7.7443,-6.8927,-6.7330,-5.5709,-2.7041,-1.9425,-1.2140
T4L,47,-2.6049,-5.1060,-3.7085,-0.8589,-5.1014,-3.4377,-5.7232,-3.2639,-3.1191,-2.9786,-3.8539,-3.6068,-4.8690,-2.6365,-4.0565,-2.7554,-3.0191,-3.4722,-7.0518,-4.8527
T4L,49,-2.5638,-6.2854,-5.4894,-4.2199,-3.1407,-5.2247,-4.3803,-1.7640,-2.8433,-1.2177,-3.3509,-5.0946,-6.7160,-3.8145,-3.0124,-4.0815,-3.9092,-2.2746,-4.5288,-2.9673
T4L,50,-3.1869,-4.3168,-6.3743,-5.6142,-2.0068,-3.7949,-5.1251,-2.3936,-4.2991,-1.3420,-3.3175,-4.9873,-7.1814,-4.8372,-4.8290,-3.7224,-1.8742,-2.4719,-4.9609,-2.4995
T4L,58,-6.1741,-6.2108,-10.8467,-9.9828,-1.6651,-9.2815,-8.0612,-0.6864,-8.2826,-2.0211,-3.8764,-9.6345,-6.8048,-9.8816,-8.7641,-8.6761,-6.5267,-2.5399,-4.7960,-2.8262
T4L,59,-4.1951,-8.4818,-4.3791,-4.9313,-6.9619,-4.1100,-6.7127,-6.5896,-4.4293,-5.5892,-6.8510,-3.8724,-3.7381,-5.8517,-5.4635,-1.5241,-0.4274,-5.8603,-8.5025,-5.6485
T4L,66,-4.2683,-5.1506,-6.1828,-5.8239,-2.2225,-6.8060,-5.3241,-1.9283,-7.2301,-0.6990,-3.3183,-7.1805,-10.4409,-5.8506,-5.9658,-5.4293,-6.0416,-3.5457,-3.1099,-2.3540
T4L,67,-6.0653,-7.0856,-9.8898,-8.7234,-0.5458,-9.0012,-8.0472,-5.6259,-9.2716,-1.0144,-3.8860,-9.2077,-12.9551,-8.3336,-8.6722,-8.4652,-6.8992,-5.7002,-5.5558,-3.8625
T4L,73,-2.0182,-6.8816,-2.2672,-2.4903,-4.7626,-3.6900,-5.0483,-2.6724,-2.2875,-2.8947,-4.3146,-1.8894,-5.6618,-3.6850,-2.9964,-3.2874,-2.8001,-2.8710,-5.4138,-4.4718
T4L,75,-3.4851,-5.9801,-4.2811,-0.4916,-5.0975,-4.6430,-5.8571,-3.4376,-3.6111,-3.4773,-4.1132,-4.1675,-10.0604,-3.3052,-4.5326,-3.5372,-2.8271,-3.0252,-6.3258,-4.2161
T4L,78,-0.8130,-3.4706,-7.3834,-6.9854,-3.2382,-2.4407,-6.2442,-3.1574,-7.9120,-3.0329,-3.4479,-6.2654,-6.7309,-7.1638,-8.3063,-3.4074,-3.2543,-1.7381,-6.7752,-3.9208
T4L,82,-2.4704,-5.5313,-3.0301,-2.6704,-5.6118,-3.2557,-4.8715,-4.3519,-2.4976,-4.1169,-5.4432,-3.4087,-1.3395,-3.6301,-3.6798,-2.1632,-2.0816,-3.4522,-7.0856,-4.6773
T4L,84,-3.9117,-5.6649,-7.4167,-7.8757,-2.0082,-6.5861,-6.1698,-2.0560,-7.7842,-0.6629,-3.0612,-6.6883,-8.2990,-6.9263,-7.8384,-6.3344,-5.7475,-2.6704,-3.7713,-3.0535
T4L,87,-2.7497,-6.7484,-4.7372,-3.7390,-2.5964,-5.6435,-4.4971,-1.8075,-4.8979,-1.4967,-3.1795,-5.5615,-7.7462,-3.3757,-5.5822,-4.7193,-3.3068,-1.9878,-4.3345,-1.9790
T4L,88,-5.8982,-7.5135,-10.0531,-9.1434,-1.0130,-9.7475,-7.6412,-4.5854,-10.1613,-4.3826,-6.3185,-9.8787,-11.1339,-9.6524,-9.4694,-8.7340,-7.4255,-4.4248,-3.0277,-0.6033
T4L,91,-4.6640,-5.2684,-11.2206,-9.3125,-3.0654,-8.4630,-8.6611,-4.2956,-9.7034,-0.1787,-2.8135,-8.1973,-10.6318,-6.6390,-9.4799,-6.3845,-5.5185,-4.4334,-6.8091,-4.8421
T4L,92,-5.1662,-7.9882,-0.6678,-3.9853,-9.0132,-4.3952,-5.8028,-6.3935,-6.3039,-6.1504,-8.1395,-2.2215,-1.4520,-5.4222,-8.0970,-2.9133,-3.2842,-6.2547,-11.7383,-8.6314
T4L,93,-2.7409,-8.9931,-1.3186,-1.4098,-5.2994,-2.8016,-5.1377,-4.7606,-4.5597,-4.4488,-5.3441,-3.2856,-1.8630,-3.9303,-5.5276,-3.0865,-3.6367,-4.0549,-6.6188,-4.6394
T4L,98,-2.5847,-4.8384,-9.2067,-8.3728,-7.5347,-6.0516,-9.8409,-2.3862,-10.4966,-3.9834,-4.8890,-7.3519,-8.2662,-8.2808,-10.7905,-5.0321,-2.7950,-0.3198,-11.1387,-8.9071
T4L,99,-5.5107,-5.6495,-10.8125,-8.8151,-3.0593,-7.7801,-8.1514,-2.0731,-11.9393,-0.3369,-2.9328,-8.7834,-8.8674,-7.8685,-11.7383,-7.3695,-5.6372,-3.2499,-6.9695,-4.9562
T4L,100,-2.7492,-4.4001,-6.5562,-3.1443,-4.9535,-4.8336,-6.6342,-1.1957,-6.0039,-3.2308,-4.2153,-6.4833,-7.4752,-4.8648,-6.3989,-4.0758,-2.1049,-1.0624,-7.6728,-4.9320
T4L,101,-6.9575,-6.8148,-0.6986,-3.7922,-9.7069,-6.2672,-4.4254,-8.7555,-7.8467,-8.5268,-8.9289,-0.8773,-8.1535,-5.0883,-9.0959,-3.2688,-6.4087,-8.2175,-11.2572,-7.0480
T4L,102,-5.2971,-5.5181,-9.5928,-7.6427,-4.8176,-6.4551,-7.9659,-4.7833,-10.1454,-3.7355,-0.0823,-8.1219,-10.1596,-4.0830,-11.5796,-6.6170,-5.3770,-5.7389,-8.5702,-7.3637
T4L,103,-0.6477,-2.3649,-6.7310,-6.3169,-6.1766,-4.2527,-5.7518,-3.2237,-7.5849,-4.5753,-3.7094,-5.7719,-6.7701,-5.8621,-7.5322,-2.8373,-2.6028,-1.9440,-8.4856,-6.4367
T4L,104,-8.8701,-6.9841,-10.5025,-10.5981,-0.4117,-9.8038,-5.4961,-7.6987,-10.7276,-7.4501,-8.1144,-8.0342,-10.0970,-9.5923,-10.8307,-8.5698,-8.9873,-6.7217,-5.3319,-1.1269
T4L,105,-7.8369,-8.7436,-9.5582,-8.6619,-9.1342,-8.1490,-6.9557,-8.6283,-8.8729,-8.4317,-8.7173,-3.2877,-9.7615,-0.0423,-9.1384,-7.5736,-8.2268,-8.8559,-11.0749,-8.8514
T4L,106,-5.2281,-3.3621,-9.4151,-7.6840,-4.6453,-7.1416,-7.5144,-3.4634,-7.9515,-1.1976,-0.5381,-8.0275,-9.9286,-6.4618,-7.5200,-6.8449,-5.4159,-3.9256,-6.7887,-6.1263
T4L,108,-2.0242,-6.7798,-3.1628,-1.0187,-5.2849,-4.4104,-5.3296,-2.7122,-4.4936,-3.1570,-4.6129,-4.7298,-3.1331,-3.8758,-5.4321,-3.5704,-3.0145,-1.9507,-6.2034,-4.3953
T4L,109,-1.5486,-6.6115,-3.4389,-3.8404,-5.5899,-1.2094,-4.9771,-4.9674,-3.4458,-4.8550,-5.5507,-2.9707,-3.7828,-3.7218,-4.1006,-1.8334,-2.6682,-3.9834,-6.3286,-4.7606
T4L,111,-3.0098,-4.8951,-9.1160,-8.5081,-2.4274,-6.5461,-7.8994,-1.8958,-7.2054,-0.7804,-3.2698,-7.1015,-7.1085,-7.4759,-7.3879,-5.9986,-4.5856,-1.6921,-6.2025,-5.5198
T4L,115,-3.6430,-7.1634,-6.5027,-5.4626,-6.2565,-4.6426,-5.4061,-3.6063,-0.5197,-3.8977,-4.6864,-4.0314,-5.9353,-3.4720,-2.3469,-3.5287,-2.4695,-3.3514,-7.5363,-5.7198
T4L,116,-2.5676,-8.9166,-3.5722,-3.9986,-6.6996,-2.8218,-4.7937,-4.9684,-3.5955,-4.7103,-5.6090,-0.8533,-5.1637,-3.6705,-4.1024,-2.4020,-1.7484,-4.0978,-7.3482,-5.2814
T4L,117,-5.3742,-6.0351,-9.0474,-8.6854,-5.0150,-7.3800,-9.1784,-5.1942,-11.3213,-5.6414,-3.1959,-7.2350,-9.2170,-7.9162,-11.6381,-3.8846,-0.1065,-4.3010,-8.4771,-7.1630
T4L,118,-4.9556,-6.8494,-9.1650,-7.8166,-3.4329,-7.2459,-6.7697,-2.1086,-6.1160,-0.3500,-2.9980,-6.7500,-8.3000,-5.8240,-5.9822,-6.7565,-5.7964,-3.1524,-4.6684,-4.1481
T4L,119,-3.2953,-9.4642,-5.0460,-4.5084,-7.1599,-4.7896,-5.6325,-4.5913,-0.6505,-4.5909,-5.8554,-3.1026,-5.5978,-3.1760,-1.5198,-4.1873,-3.0402,-4.4127,-7.4788,-5.8216
T4L,120,-0.9992,-3.8709,-3.9201,-4.9794,-2.1614,-4.8879,-4.1243,-7.1320,-7.1522,-1.8327,-4.6863,-2.6620,-5.2231,-5.0797,-6.6837,-3.3282,-5.7727,-6.4056,-5.3957,-1.9188
T4L,121,-3.0299,-5.5619,-10.8564,-9.2804,-2.7111,-7.8647,-8.5045,-1.2553,-10.1378,-1.0469,-1.8109,-9.1975,-10.6630,-8.1069,-9.6365,-7.5159,-6.7451,-2.6767,-5.8583,-4.9271
T4L,122,-1.3763,-7.9704,-3.9422,-2.2240,-7.6493,-3.4419,-5.2332,-5.2155,-2.0061,-4.3961,-4.9683,-2.8983,-6.5096,-1.8501,-2.8425,-2.2365,-3.6195,-4.2892,-8.7442,-5.8429
T4L,123,-1.3934,-8.3248,-2.9725,-1.1189,-7.3403,-4.8540,-5.5646,-6.6803,-4.5381,-3.9285,-4.8910,-2.7316,-9.0801,-1.5631,-5.7523,-3.3655,-5.1286,-6.0058,-8.9579,-6.6030
T4L,129,-0.2973,-4.1090,-10.7562,-9.3059,-4.4903,-5.8901,-11.4226,-3.4117,-13.1963,-4.0602,-4.2759,-10.5837,-10.2178,-10.5020,-13.0362,-6.1824,-4.5504,-1.9070,-8.5482,-6.8592
T4L,130,-0.1893,-5.8375,-7.4342,-3.8719,-7.2541,-4.6843,-8.5870,-4.0061,-7.6157,-4.5073,-6.1312,-7.7296,-6.8457,-6.7764,-8.0108,-4.3911,-4.7573,-2.5444,-10.1148,-5.6386
T4L,133,-3.1969,-4.7626,-8.5770,-7.2376,-2.5824,-6.9228,-6.6662,-1.6728,-11.4326,-2.8990,-0.5424,-6.3784,-12.3296,-6.4452,-11.6771,-5.4359,-4.6411,-3.9585,-6.1179,-4.7021
T4L,134,-2.9876,-7.5673,-3.9188,-0.7255,-7.1932,-4.4608,-6.3612,-4.0753,-5.3462,-2.5737,-4.4840,-5.2637,-2.1654,-3.0720,-6.0392,-3.1343,-2.7950,-3.0921,-8.2459,-5.8498
T4L,144,-3.7448,-9.5486,-4.7390,-6.0540,-7.2305,-4.0609,-6.3199,-5.5635,-3.6539,-3.2495,-6.2536,-0.1996,-7.5416,-5.2610,-3.7154,-4.4763,-4.6864,-5.6997,-8.4651,-6.3605
T4L,149,-3.7050,-5.3779,-6.8523,-5.6860,-4.5641,-7.7467,-5.8900,-1.4082,-6.0243,-1.3780,-3.2886,-4.7912,-10.8658,-4.9494,-3.0409,-5.1474,-2.8207,-1.2852,-6.6310,-4.6234
T4L,151,-2.3169,-10.2604,-1.8896,-1.1802,-7.9148,-3.3849,-4.3363,-6.8235,-2.7938,-5.9080,-6.4234,-2.1217,-8.9186,-2.6472,-3.8163,-2.8658,-2.9170,-5.9908,-8.8364,-5.9597
T4L,152,-2.2336,-4.8008,-4.6342,-4.6401,-4.3155,-4.7612,-4.5925,-1.3350,-3.9470,-1.2230,-2.6949,-3.2818,-9.2987,-4.3560,-4.6417,-3.6842,-3.5269,-2.9119,-6.5254,-3.9968
T4L,153,-2.1611,-4.3057,-8.8108,-8.1632,-2.7123,-6.1128,-6.2030,-2.3484,-9.7416,-1.3943,-1.2264,-7.5282,-9.8076,-6.8498,-10.5659,-5.2707,-4.7028,-2.0811,-6.7904,-3.8402
T4L,157,-3.0450,-7.7241,-2.1888,-2.7806,-6.4679,-3.5998,-4.5809,-4.4653,-2.1637,-4.5035,-5.4470,-1.2277,-7.2909,-2.4130,-3.5768,-2.7377,-2.5390,-3.2877,-8.2518,-5.3861
V6F235,249,-5.3831,-7.7572,-0.4990,-1.0913,-7.8017,-5.9961,-5.2714,-7.0523,-6.2547,-6.4013,-6.7937,-4.8298,-9.4349,-4.4707,-6.2408,-4.8702,-5.1356,-6.0685,-8.2920,-7.0508
V6F235,264,-2.3783,-5.2403,-2.8981,-2.1505,-5.3924,-2.8098,-1.0556,-5.5796,-3.3509,-4.2331,-5.0736,-3.3250,-8.4033,-2.9541,-2.5408,-3.2626,-3.6502,-4.2632,-6.1155,-4.5635
V6F235,267,-1.3293,-3.1182,-5.7799,-3.1660,-5.9443,-2.7642,-5.0897,-3.1969,-3.5982,-3.7428,-3.6507,-4.3146,-8.0299,-3.8344,-3.4097,-2.4156,-1.6456,-2.2693,-7.6898,-6.3845
V6F235,285,-3.2738,-4.9244,-3.7438,-3.3552,-2.6239,-5.2169,-2.9451,-2.6164,-4.0339,-2.6149,-3.3302,-3.6949,-7.0482,-3.5878,-3.2091,-2.6211,-1.5689,-2.3397,-3.9902,-2.5716
V6F235,289,-2.7586,-4.3989,-2.6834,-1.8579,-4.0596,-3.3870,-2.5850,-3.2714,-3.4912,-3.2626,-3.5335,-3.5499,-5.1057,-2.8029,-2.3438,-2.6815,-2.7194,-2.5208,-5.6750,-3.5743
barnase,7,-2.3269,-5.4014,-2.9834,-3.0837,-3.2896,-2.7489,-4.1513,-2.7906,-2.6098,-2.5216,-4.3277,-3.1478,-2.2683,-3.4951,-3.3023,-2.7453,-2.8344,-2.7088,-4.2883,-3.2418
barnase,14,-2.8721,-5.1311,-3.0899,-3.3603,-2.8772,-2.8348,-3.8893,-2.5773,-2.9273,-2.2165,-3.9395,-3.0170,-3.4073,-3.4292,-3.0946,-2.7560,-2.7636,-2.6939,-3.5335,-2.5180
barnase,26,-2.7629,-5.7021,-2.9302,-3.3128,-3.3575,-2.8179,-4.3198,-3.1914,-2.8718,-2.8193,-4.7292,-2.8653,-2.7258,-3.7047,-3.4879,-1.8609,-1.9316,-3.0526,-4.4984,-3.4035
barnase,27,-2.3055,-6.4364,-3.0871,-2.8355,-3.2486,-3.0670,-4.5124,-2.9874,-2.7250,-1.9160,-3.6298,-3.6303,-2.5130,-3.1321,-3.0653,-3.0648,-3.0993,-2.7152,-4.1941,-3.2833
barnase,51,-2.5933,-5.2252,-3.1964,-3.2112,-2.8044,-2.2202,-4.2438,-2.7497,-2.8750,-2.5191,-3.9544,-3.3161,-3.0465,-3.6874,-3.2738,-2.5332,-2.7899,-2.6862,-3.5889,-2.9613
barnase,76,-2.8419,-4.8091,-3.0324,-3.0437,-2.7708,-2.2329,-3.9385,-2.7433,-2.8841,-2.5720,-3.9563,-3.0745,-3.1877,-3.6311,-3.0285,-2.8498,-2.9301,-2.8571,-3.4692,-2.6533
barnase,78,-2.5687,-4.5441,-3.1444,-3.2409,-2.7827,-2.5473,-3.8553,-2.5720,-2.9761,-2.4605,-3.9248,-2.9233,-3.5097,-3.4137,-3.2590,-2.6300,-2.7609,-2.6498,-3.9106,-2.8886
barnase,88,-2.8809,-5.2342,-2.8102,-3.0602,-2.8543,-2.6269,-3.9319,-2.6724,-2.9791,-2.5714,-3.7192,-2.9283,-3.3041,-3.3810,-3.2325,-2.9079,-2.6353,-2.6571,-3.5771,-2.6131
barnase,89,-2.8097,-5.4212,-2.6681,-2.9915,-2.6224,-2.7163,-4.4927,-2.5286,-3.2651,-2.5682,-4.4665,-2.9612,-3.4001,-3.8966,-3.4771,-2.7286,-2.6635,-2.7063,-4.0985,-2.2541
barnase,91,-2.4925,-4.5257,-2.8050,-3.1658,-3.1632,-2.4495,-3.8750,-3.0423,-3.1197,-2.6663,-4.0304,-2.7321,-3.1400,-3.3200,-3.1192,-2.5325,-2.5700,-2.7509,-4.1736,-2.9707
barnase,96,-2.8676,-4.4574,-3.4712,-3.3756,-2.6417,-3.0075,-4.0725,-2.1480,-3.4015,-2.0143,-3.7365,-3.4192,-3.6850,-3.8908,-3.1655,-3.0517,-2.7525,-2.2325,-3.7498,-2.8297
barnase,102,-2.8621,-5.8034,-2.6333,-3.3812,-3.6420,-1.2883,-3.7835,-4.5946,-2.4521,-3.4470,-5.0799,-2.0585,-4.3230,-3.1417,-2.9525,-2.8068,-3.4498,-4.5279,-5.0310,-3.5325
human_lysozyme,7,-2.8167,-9.4013,-2.1421,-0.3917,-8.1745,-4.4115,-5.8670,-7.5923,-5.5815,-6.7849,-6.7263,-5.7289,-7.1837,-2.3196,-6.0551,-5.3298,-4.6064,-5.3710,-8.7023,-7.3683
human_lysozyme,8,-7.6473,-10.7681,-12.5132,-10.8656,-2.2522,-11.2387,-8.7285,-4.6553,-10.6798,-0.2243,-2.6058,-10.9952,-9.4443,-8.0283,-9.8029,-9.1147,-7.5569,-4.9089,-7.4519,-5.9378
human_lysozyme,9,-0.0403,-8.6778,-8.8362,-6.8076,-9.2934,-4.6015,-8.6568,-8.0592,-8.9469,-8.5091,-8.4182,-8.7124,-9.0407,-7.9286,-8.3167,-4.2821,-5.8260,-4.7190,-10.2838,-8.2753
human_lysozyme,11,-3.0202,-8.7553,-4.9704,-0.5170,-5.5755,-5.6902,-4.1746,-3.3253,-4.5727,-3.1351,-4.2550,-4.9515,-9.6778,-3.1954,-4.5778,-4.5182,-2.6109,-2.6698,-6.6698,-4.8269
human_lysozyme,20,-4.7470,-7.3301,-6.2742,-6.2073,-1.6398,-6.2498,-3.6499,-5.4909,-6.3106,-4.4066,-5.5976,-5.5260,-5.8303,-5.7253,-5.5005,-5.0106,-5.8411,-4.4625,-5.3116,-0.3529
human_lysozyme,21,-3.2402,-8.0919,-3.8539,-3.5108,-6.5466,-2.7009,-3.2236,-6.4384,-1.9883,-5.5266,-5.6868,-3.1591,-4.7454,-2.3196,-0.8487,-3.1295,-3.8815,-5.0267,-6.5738,-5.2152
human_lysozyme,23,-5.4081,-7.5494,-6.7438,-6.4587,-2.1443,-7.0040,-4.0940,-5.2702,-6.9523,-4.0216,-5.1356,-4.9022,-7.0041,-5.3220,-5.3048,-5.5503,-4.7559,-3.9893,-5.6800,-0.2549
human_lysozyme,24,-4.4793,-9.4891,-5.4320,-6.7967,-7.9064,-4.6774,-7.0367,-7.7587,-6.8942,-6.7834,-7.6154,-4.5384,-3.1547,-6.6685,-6.4188,-0.3292,-1.6509,-6.7271,-8.1880,-7.8065
human_lysozyme,32,-0.1950,-6.4606,-8.8349,-9.2498,-8.9405,-4.8416,-10.3464,-3.4892,-11.2493,-6.3643,-7.1114,-7.5717,-6.4349,-9.8004,-10.3703,-2.8762,-4.0908,-2.8320,-10.9729,-10.3941
human_lysozyme,35,-6.0246,-11.7559,-7.1274,-0.0073,-12.3778,-7.0904,-9.1818,-9.2021,-7.6858,-10.6199,-10.0081,-9.1373,-14.0028,-7.2614,-9.6846,-8.3342,-7.6906,-7.0812,-13.1088,-10.9032
human_lysozyme,36,-7.3485,-9.1317,-7.9351,-11.2977,-10.6836,-6.5738,-10.8715,-11.3704,-11.1581,-10.4327,-11.2624,-7.6837,-10.5843,-11.8226,-10.0721,-0.0087,-5.2056,-11.3284,-11.5058,-10.9191
human_lysozyme,37,-3.9439,-6.5851,-2.1820,-4.5945,-6.1673,-1.8923,-4.3009,-7.8867,-4.4351,-5.6903,-6.3095,-0.8985,-7.7909,-4.5280,-3.4957,-1.6236,-3.9548,-7.3274,-6.6922,-5.1963
human_lysozyme,38,-6.6256,-3.9347,-6.7354,-7.3731,-1.2458,-6.0753,-4.3374,-6.1830,-7.5456,-3.5823,-5.1877,-6.2372,-8.8959,-6.8199,-5.2098,-6.1364,-7.5841,-6.6527,-3.9891,-0.4990
human_lysozyme,40,-5.2195,-8.8998,-9.5318,-9.9688,-10.2324,-8.3805,-10.4090,-6.0853,-10.4197,-7.8084,-7.1454,-7.1756,-6.3669,-10.3264,-10.8243,-3.9389,-0.0371,-5.3206,-11.8746,-10.7964
human_lysozyme,43,-3.8508,-6.9382,-6.3204,-4.2151,-4.8920,-5.3069,-3.7695,-3.2829,-2.3387,-4.0849,-4.5460,-4.7981,-6.6938,-3.3218,-1.4060,-3.2217,-1.3954,-1.8426,-5.2510,-3.8030
human_lysozyme,45,-3.2966,-7.0638,-4.8673,-5.5133,-3.6466,-3.4136,-1.8828,-4.9665,-2.9863,-4.3716,-5.5498,-2.7432,-2.5325,-4.3834,-1.2518,-3.2448,-3.3296,-3.9247,-4.0435,-2.1989
human_lysozyme,47,-3.3065,-8.5117,-5.1832,-5.9428,-6.1531,-5.0965,-4.3715,-5.5835,-3.9889,-4.9995,-6.4766,-1.8779,-0.4365,-5.0135,-3.1156,-3.8563,-4.2418,-4.7538,-5.9173,-5.0468
human_lysozyme,48,-2.9112,-7.6870,-4.2329,-5.3614,-5.2836,-0.5928,-3.8711,-6.4389,-3.7040,-5.1789,-5.8260,-2.1829,-4.1015,-4.2228,-2.2397,-3.5679,-4.6421,-5.1262,-4.9924,-4.4695
human_lysozyme,51,-5.0934,-8.2522,-7.9317,-8.3250,-7.6254,-5.2101,-7.6297,-8.0650,-7.2646,-7.4550,-8.4405,-6.4328,-7.4736,-8.1355,-5.6974,-0.0396,-4.0968,-7.6319,-8.4685,-7.6747
human_lysozyme,52,-3.7607,-6.9095,-4.9825,-4.8365,-4.6518,-4.8049,-2.4821,-4.6062,-2.7893,-4.8748,-5.2910,-3.3353,-5.3725,-3.7174,-1.4394,-2.8855,-1.1047,-3.7835,-4.4243,-2.9558
human_lysozyme,53,-5.8292,-8.4886,-0.2767,-4.5027,-7.9077,-5.3744,-6.2225,-8.2062,-6.6663,-7.7390,-7.7013,-1.8279,-9.3824,-6.7898,-6.8043,-2.9934,-6.3448,-7.7617,-8.9072,-5.9547
human_lysozyme,54,-7.2898,-7.3916,-7.4823,-8.2424,-2.1687,-7.6508,-2.4957,-6.9255,-7.2681,-4.9268,-7.2256,-5.4902,-10.2749,-6.7875,-4.9100,-6.2376,-7.4173,-6.7436,-4.9184,-0.2649
human_lysozyme,56,-7.4233,-11.1417,-11.1211,-10.7662,-5.4412,-11.0916,-9.4794,-0.4859,-10.0258,-1.1605,-3.9477,-9.1970,-6.9514,-9.4539,-9.5437,-9.1023,-7.1574,-3.1072,-10.1616,-8.2082
human_lysozyme,58,-8.4567,-12.2443,-10.7110,-6.9021,-10.7876,-7.0241,-6.0339,-10.9829,-7.6696,-8.6143,-8.0200,-8.4062,-9.7768,-0.0068,-7.7555,-8.0184,-9.1587,-10.0347,-11.0637,-10.4932
human_lysozyme,59,-9.0067,-13.0202,-12.1111,-10.1430,-6.7515,-12.2416,-10.0782,-0.0541,-11.3806,-3.5510,-5.1737,-9.8287,-11.7198,-8.4677,-11.4362,-9.8735,-7.2542,-4.1484,-11.5983,-9.9741
human_lysozyme,61,-5.1659,-8.7034,-1.9937,-7.0478,-8.5491,-6.3039,-5.7456,-8.9762,-8.7078,-8.8280,-8.9817,-2.7828,-9.4044,-7.4897,-8.0760,-0.2468,-5.0779,-8.2804,-8.5435,-7.6167
human_lysozyme,63,-3.4218,-8.1814,-4.6120,-5.1926,-2.3947,-5.2390,-3.2982,-4.7917,-5.0111,-3.4024,-5.0419,-3.6688,-5.0479,-4.5183,-3.7203,-3.2853,-4.0337,-4.1645,-2.6480,-0.5890
human_lysozyme,70,-3.5290,-10.8537,-5.6507,-5.1708,-5.6423,-5.0694,-4.2635,-4.8064,-3.5013,-5.1413,-5.6090,-3.4647,-5.7973,-3.8075,-2.7863,-2.6501,-0.4048,-3.6810,-6.8742,-4.8905
human_lysozyme,71,-3.3671,-11.1218,-6.1183,-5.8479,-7.1807,-4.8232,-5.6616,-6.4401,-5.0303,-5.9675,-7.1292,-5.2774,-0.1477,-4.9986,-3.8136,-3.8055,-4.5389,-5.2042,-7.8468,-6.7155
human_lysozyme,72,-3.3616,-10.5090,-3.7935,-4.8201,-5.3530,-0.4988,-4.1690,-6.2167,-4.4607,-4.8970,-5.7643,-2.1567,-5.7289,-4.1500,-2.9128,-3.0012,-3.6479,-5.1851,-5.9174,-4.6099
human_lysozyme,74,-2.6780,-10.2263,-4.4763,-3.2580,-4.5659,-4.0204,-3.8467,-3.3744,-2.4762,-3.4045,-4.3037,-3.3557,-4.3774,-2.3455,-1.3392,-3.0995,-2.2983,-2.3409,-5.4505,-4.1775
human_lysozyme,77,-10.6746,-0.0005,-11.4400,-11.9548,-10.3116,-9.6683,-10.9419,-13.0762,-11.7624,-10.7511,-12.7586,-11.2465,-11.2669,-11.8838,-9.6573,-9.6353,-11.4122,-11.8390,-10.3867,-9.5716
human_lysozyme,78,-3.7087,-8.3628,-4.0339,-5.0005,-5.3706,-1.1455,-2.8354,-9.1113,-2.8861,-5.6114,-5.6463,-1.6248,-7.6567,-2.6583,-1.6354,-3.4436,-6.0591,-7.7949,-7.2028,-4.7683
human_lysozyme,86,-3.6054,-8.9150,-0.5710,-4.4719,-8.6772,-3.6031,-4.2628,-7.9261,-4.4261,-6.8564,-7.4874,-1.6305,-7.5152,-3.9597,-3.3548,-2.6413,-4.1087,-6.3252,-9.4345,-6.9873
human_lysozyme,89,-5.4820,-9.5397,-8.7746,-8.1913,-5.5873,-8.7899,-8.9503,-1.6098,-8.9973,-0.5037,-3.9018,-8.7906,-5.5769,-8.0019,-8.1050,-8.0915,-5.6294,-1.8489,-8.3382,-7.3902
human_lysozyme,91,-3.5662,-10.0838,-0.2386,-3.6896,-7.0678,-4.2556,-4.2422,-6.5708,-6.1607,-5.8863,-6.2505,-2.9118,-5.5191,-4.4149,-6.2669,-3.6399,-4.2876,-5.1960,-7.7477,-5.8070
human_lysozyme,92,-1.3046,-7.8303,-0.7201,-6.1617,-7.6765,-4.5972,-6.0011,-6.6383,-7.7103,-7.2946,-7.2558,-4.4129,-7.5251,-6.4278,-8.0076,-1.6920,-4.3536,-4.5206,-9.6463,-7.1807
human_lysozyme,93,-3.0116,-9.1566,-7.9298,-7.0870,-5.3159,-6.3439,-7.5934,-0.8895,-6.6072,-3.6213,-4.2428,-6.3659,-8.3210,-7.2085,-6.3914,-3.8103,-3.6556,-0.8347,-7.8606,-6.1094
human_lysozyme,96,-0.0548,-9.2247,-10.6990,-9.9366,-9.1196,-5.0393,-11.1535,-6.5178,-10.7076,-6.7046,-7.2360,-10.0011,-8.2149,-10.3432,-9.8901,-5.4260,-5.1108,-3.4362,-11.3756,-10.2953
human_lysozyme,99,-5.2895,-10.9017,-10.0963,-8.4520,-7.0267,-9.5895,-9.0090,-0.3125,-8.6925,-4.5353,-5.3252,-8.6200,-10.7148,-8.4412,-8.7023,-7.6614,-5.2953,-1.4278,-9.9353,-8.1417
human_lysozyme,100,-1.4605,-8.5026,-6.8697,-5.4445,-5.8202,-5.1676,-6.3168,-2.6766,-6.0946,-3.2924,-3.4186,-6.4298,-7.8975,-5.3771,-6.0715,-3.8770,-3.2332,-0.6198,-7.2124,-5.7957
human_lysozyme,103,-3.6046,-8.4794,-5.7759,-5.0704,-6.7181,-4.4952,-5.4272,-5.6238,-4.9237,-5.1896,-5.3388,-4.4188,-2.5604,-4.7404,-4.3376,-2.4481,-0.3378,-4.4410,-7.6250,-6.2216
human_lysozyme,105,-5.5073,-9.9705,-7.3152,-7.8863,-9.3105,-0.0129,-7.9716,-9.6524,-8.1325,-9.0548,-9.4973,-7.1584,-6.9463,-7.7624,-6.9454,-6.0003,-7.7642,-8.0717,-9.0849,-8.5604
human_lysozyme,106,-4.4021,-7.9291,-6.8330,-5.0922,-2.7255,-5.9134,-4.9838,-2.2222,-5.7591,-1.0573,-1.5278,-6.3662,-4.9609,-4.8737,-4.8346,-4.9821,-4.6639,-2.6445,-4.1442,-2.2862
human_lysozyme,109,-9.9973,-10.2008,-11.4675,-11.5933,-6.7367,-9.5273,-9.4907,-10.8871,-11.6324,-8.7117,-10.2158,-10.5626,-11.9718,-10.6940,-8.2674,-9.5483,-11.1860,-10.1708,-0.0041,-6.2132
human_lysozyme,110,-2.6463,-8.9239,-2.5280,-2.8496,-4.2307,-2.8730,-3.2785,-3.3532,-4.0179,-3.2878,-4.2953,-1.9723,-4.3566,-3.1583,-2.8004,-2.6208,-2.1708,-2.4514,-4.7563,-3.1764
human_lysozyme,115,-3.6873,-8.6871,-5.2626,-5.1471,-4.0966,-4.8705,-0.5253,-4.9912,-3.8984,-4.5345,-5.7634,-2.7235,-7.2773,-3.8093,-2.7353,-3.8820,-4.3146,-4.0405,-5.3384,-2.3287
human_lysozyme,118,-5.0293,-9.4924,-4.6190,-5.9624,-7.6094,-0.1476,-4.8806,-8.9792,-5.0739,-7.0758,-7.6099,-3.0611,-7.1852,-4.9225,-3.4005,-4.6434,-6.3157,-7.0296,-7.5708,-6.6401
human_lysozyme,120,-4.6670,-10.5161,-0.2569,-4.1537,-8.2854,-5.0438,-5.2553,-8.0066,-5.9708,-6.6988,-7.9812,-2.3782,-3.1854,-5.0916,-4.9806,-3.5180,-5.0944,-6.5987,-9.0915,-7.2612
human_lysozyme,121,-3.0569,-8.8488,-7.8550,-6.1905,-4.7135,-6.2283,-7.0011,-2.2494,-8.3188,-0.8444,-3.1619,-7.9364,-3.8779,-6.8727,-7.0887,-5.2498,-3.6461,-1.2028,-5.9492,-5.6755
human_lysozyme,124,-6.2439,-6.7415,-7.2407,-7.3212,-1.9058,-8.0122,-3.6382,-6.1071,-8.4357,-4.5680,-6.3282,-7.3136,-9.2688,-6.7318,-6.9955,-6.8283,-7.3447,-5.4675,-1.7180,-0.4824
human_lysozyme,125,-4.5829,-9.0645,-7.8282,-5.6853,-3.8275,-7.0637,-7.1792,-1.8643,-5.4920,-0.7017,-3.0829,-7.1044,-7.1511,-5.4455,-4.9742,-6.0353,-3.9220,-1.5051,-6.5437,-5.7102
human_lysozyme,127,-3.7201,-8.3750,-1.3975,-3.0120,-5.6371,-0.8958,-3.7727,-5.8267,-4.5604,-4.7887,-5.7089,-2.7922,-6.2400,-3.5288,-3.6665,-2.8841,-3.6592,-4.9705,-6.1350,-4.5717
